INSERT INTO laundry_item_tb(name, category, base_price, description, created_at)
VALUES ('셔츠', 'TOP', 3000, '일상적으로 착용하는 일반 셔츠 세탁입니다.', '2024-01-15 10:00:00'),
       ('티셔츠', 'TOP', 2500, '면 티셔츠 세탁 서비스입니다.', '2024-01-20 14:30:00'),
       ('블라우스', 'TOP', 3500, '여성용 블라우스 세탁입니다.', '2024-02-05 09:15:00'),
       ('니트', 'TOP', 4000, '니트, 스웨터 세탁 서비스입니다.', '2024-02-18 11:45:00'),
       ('바지', 'BOTTOM', 4000, '면바지, 슬랙스 등 일반 바지 세탁입니다.', '2024-03-10 13:20:00'),
       ('청바지', 'BOTTOM', 4500, '데님 청바지 세탁 서비스입니다.', '2024-03-25 15:00:00'),
       ('치마', 'BOTTOM', 3500, '여성용 치마 세탁입니다.', '2024-04-08 10:30:00'),
       ('코트', 'OUTER', 8000, '겨울용 코트 및 두꺼운 아우터 세탁입니다.', '2024-10-12 09:00:00'),
       ('재킷', 'OUTER', 6000, '재킷 세탁 서비스입니다.', '2024-10-28 14:15:00'),
       ('패딩', 'OUTER', 10000, '패딩 점퍼 세탁입니다.', '2024-11-15 11:00:00'),
       ('이불', 'BEDDING', 12000, '이불, 담요 등 침구류 세탁 서비스입니다.', '2024-05-20 16:30:00'),
       ('베개커버', 'BEDDING', 3000, '베개커버 세탁입니다.', '2024-06-05 10:45:00'),
       ('침대시트', 'BEDDING', 5000, '침대시트 세탁 서비스입니다.', '2024-06-22 13:00:00'),
       ('모자', 'ACCESSORY', 2000, '캡모자, 비니 등 모자류 세탁입니다.', '2024-07-10 09:30:00'),
       ('스카프', 'ACCESSORY', 2000, '스카프, 목도리 세탁입니다.', '2024-07-25 15:45:00'),
       ('드라이클리닝', 'SPECIAL', 20000, '드라이클리닝이 필요한 의류 전용 세탁입니다.', '2024-08-15 11:20:00'),
       ('기타', 'ETC', 5000, '분류되지 않은 기타 세탁물 항목입니다.', '2024-09-01 14:00:00');

INSERT INTO laundry_option_tb(name, extra_price, description, is_active, created_at)
VALUES ('표백', 2000, '표백 처리를 통해 얼룩과 변색을 개선합니다.', true, '2024-01-10 09:00:00'),
       ('향 추가', 1000, '세탁 후 은은한 향을 추가해 드립니다.', true, '2024-01-25 14:20:00'),
       ('프리미엄 세제', 6000, '프리미엄 세제를 사용해 섬유 손상을 줄입니다.', true, '2024-02-12 11:15:00'),
       ('얼룩 집중 제거', 4000, '목, 소매 등 심한 얼룩을 집중적으로 제거합니다.', false, '2024-03-05 10:30:00'),
       ('저자극 세탁', 3000, '피부 자극을 줄인 저자극 세탁 옵션입니다.', false, '2024-03-20 15:45:00'),
       ('방수 코팅', 5000, '방수 기능을 추가하여 옷감을 보호합니다.', true, '2024-04-08 13:00:00'),
       ('항균 처리', 3500, '세균과 곰팡이를 제거하는 항균 처리를 진행합니다.', true, '2024-04-22 09:30:00'),
       ('주름 제거', 3000, '다림질을 통해 옷의 주름을 완벽하게 제거합니다.', true, '2024-05-15 11:00:00'),
       ('냄새 제거', 2000, '담배 냄새, 음식 냄새 등 강한 냄새를 제거합니다.', true, '2024-06-01 14:15:00'),
       ('실크 전용 세탁', 8000, '실크 소재 전용 세탁으로 손상을 최소화합니다.', true, '2024-06-18 16:20:00');

INSERT INTO supply_item_tb(name, unit, stock_quantity, safety_stock, is_active, created_at)
VALUES ('세탁세제', '병', 65, 30, true, '2025-01-05 08:00:00'),
       ('섬유유연제', '병', 45, 20, false, '2025-01-18 12:30:00'),
       ('표백제', '병', 5, 8, false, '2025-02-10 10:15:00'),
       ('비닐포장지', '개', 650, 250, true, '2025-02-25 14:00:00'),
       ('종이포장봉투', '개', 750, 200, true, '2025-03-12 09:45:00'),
       ('옷걸이', '개', 450, 150, false, '2025-03-28 15:20:00'),
       ('세탁망', '개', 70, 80, true, '2025-04-15 11:30:00'),
       ('얼룩 제거제', '병', 10, 12, true, '2025-05-02 13:15:00'),
       ('항균 세제', '병', 10, 15, true, '2025-05-20 10:00:00'),
       ('세탁 표시 라벨', '개', 2500, 600, true, '2025-06-08 14:45:00'),
       ('포장 테이프', '개', 100, 120, true, '2025-06-25 16:00:00'),
       ('대형 세탁망', '개', 30, 40, true, '2025-07-10 09:30:00');

INSERT INTO employee_tb
(name, username, password, email, user_role, user_status, created_at, is_active)
VALUES
    ('이직원', 'employee01', '00000000', 'employee01@clean4u.com', 'EMPLOYEE', 'APPROVED', '2024-02-15 10:30:00', true),
    ('박직원', 'employee02', '00000000', 'employee02@clean4u.com', 'EMPLOYEE', 'APPROVED', '2024-03-20 11:15:00', true),
    ('최직원', 'employee03', '00000000', 'employee03@clean4u.com', 'EMPLOYEE', 'APPROVED', '2024-04-10 14:20:00', true),
    ('정직원', 'employee04', '00000000', 'employee04@clean4u.com', 'EMPLOYEE', 'APPROVED', '2024-05-25 09:45:00', true),
    ('한직원', 'employee05', '00000000', 'employee05@clean4u.com', 'EMPLOYEE', 'APPROVED', '2024-06-10 13:20:00', true),
    ('송직원', 'employee06', '00000000', 'employee06@clean4u.com', 'EMPLOYEE', 'APPROVED', '2024-07-05 10:15:00', true),
    ('강직원', 'employee07', '00000000', 'employee07@clean4u.com', 'EMPLOYEE', 'APPROVED', '2024-08-10 09:00:00', true),
    ('윤직원', 'employee08', '00000000', 'employee08@clean4u.com', 'EMPLOYEE', 'APPROVED', '2024-08-20 10:30:00', true),
    ('조직원', 'employee09', '00000000', 'employee09@clean4u.com', 'EMPLOYEE', 'APPROVED', '2024-09-05 11:15:00', true),
    ('임직원', 'employee10', '00000000', 'employee10@clean4u.com', 'EMPLOYEE', 'APPROVED', '2024-09-15 14:20:00', true),
    ('장직원', 'employee11', '00000000', 'employee11@clean4u.com', 'EMPLOYEE', 'APPROVED', '2024-09-25 09:45:00', true),
    ('오직원', 'employee12', '00000000', 'employee12@clean4u.com', 'EMPLOYEE', 'APPROVED', '2024-10-05 13:20:00', true),
    ('신직원', 'employee13', '00000000', 'employee13@clean4u.com', 'EMPLOYEE', 'APPROVED', '2024-10-15 10:15:00', true),
    ('유직원', 'employee14', '00000000', 'employee14@clean4u.com', 'EMPLOYEE', 'APPROVED', '2024-10-25 09:00:00', true),
    ('노직원', 'employee15', '00000000', 'employee15@clean4u.com', 'EMPLOYEE', 'APPROVED', '2024-11-05 10:30:00', true),
    ('홍직원', 'employee16', '00000000', 'employee16@clean4u.com', 'EMPLOYEE', 'APPROVED', '2024-11-10 11:15:00', true),
    ('전직원', 'employee17', '00000000', 'employee17@clean4u.com', 'EMPLOYEE', 'APPROVED', '2024-11-15 14:20:00', true),
    ('고직원', 'employee18', '00000000', 'employee18@clean4u.com', 'EMPLOYEE', 'APPROVED', '2024-11-20 09:45:00', true),
    ('문직원', 'employee19', '00000000', 'employee19@clean4u.com', 'EMPLOYEE', 'APPROVED', '2024-11-25 13:20:00', true),
    ('양직원', 'employee20', '00000000', 'employee20@clean4u.com', 'EMPLOYEE', 'APPROVED', '2024-12-01 10:15:00', true),
    ('배직원', 'employee21', '00000000', 'employee21@clean4u.com', 'EMPLOYEE', 'APPROVED', '2024-12-05 09:00:00', true),
    ('남직원', 'employee22', '00000000', 'employee22@clean4u.com', 'EMPLOYEE', 'APPROVED', '2024-12-10 10:30:00', true),
    ('서직원', 'employee23', '00000000', 'employee23@clean4u.com', 'EMPLOYEE', 'APPROVED', '2024-12-12 11:15:00', true),
    ('허직원', 'employee24', '00000000', 'employee24@clean4u.com', 'EMPLOYEE', 'APPROVED', '2024-12-15 14:20:00', true),
    ('심직원', 'employee25', '00000000', 'employee25@clean4u.com', 'EMPLOYEE', 'APPROVED', '2024-12-18 09:45:00', true),
    ('김신입', 'new01', '00000000', 'new01@clean4u.com', 'EMPLOYEE', 'PENDING', '2025-11-20 10:00:00', true),
    ('이신입', 'new02', '00000000', 'new02@clean4u.com', 'EMPLOYEE', 'PENDING', '2025-11-25 11:30:00', true),
    ('박신입', 'new03', '00000000', 'new03@clean4u.com', 'EMPLOYEE', 'PENDING', '2025-12-01 14:15:00', true),
    ('최신입', 'new04', '00000000', 'new04@clean4u.com', 'EMPLOYEE', 'PENDING', '2025-12-05 09:30:00', true);

INSERT INTO work_schedule_tb (user_id, start_time, end_time, created_at)
VALUES (2, '09:00:00', '18:00:00', '2025-12-01 08:00:00'),
       (3, '10:00:00', '19:00:00', '2025-12-01 08:15:00'),
       (4, '08:00:00', '17:00:00', '2025-12-01 08:30:00'),
       (5, '11:00:00', '20:00:00', '2025-12-01 09:00:00'),
       (6, '09:30:00', '18:30:00', '2025-12-01 09:15:00'),
       (7, '10:30:00', '19:30:00', '2025-12-01 09:30:00'),
       (8, '08:30:00', '17:30:00', '2025-12-01 09:45:00'),
       (9, '09:00:00', '18:00:00', '2025-12-01 10:00:00'),
       (10, '10:00:00', '19:00:00', '2025-12-01 10:15:00'),
       (11, '08:00:00', '17:00:00', '2025-12-01 10:30:00'),
       (12, '09:00:00', '18:00:00', '2025-12-01 10:45:00'),
       (13, '10:00:00', '19:00:00', '2025-12-01 11:00:00'),
       (14, '11:00:00', '20:00:00', '2025-12-01 11:15:00'),
       (15, '09:30:00', '18:30:00', '2025-12-01 11:30:00'),
       (16, '10:30:00', '19:30:00', '2025-12-01 11:45:00'),
       (17, '08:30:00', '17:30:00', '2025-12-01 12:00:00'),
       (18, '09:00:00', '18:00:00', '2025-12-01 12:15:00'),
       (19, '10:00:00', '19:00:00', '2025-12-01 12:30:00'),
       (20, '11:00:00', '20:00:00', '2025-12-01 12:45:00'),
       (21, '09:30:00', '18:30:00', '2025-12-01 13:00:00'),
       (22, '10:30:00', '19:30:00', '2025-12-01 13:15:00'),
       (23, '08:30:00', '17:30:00', '2025-12-01 13:30:00'),
       (24, '09:00:00', '18:00:00', '2025-12-01 13:45:00'),
       (25, '10:00:00', '19:00:00', '2025-12-01 14:00:00'),
       (26, '11:00:00', '20:00:00', '2025-12-01 14:15:00');

INSERT INTO work_schedule_override_tb (date, original_employee_id, override_employee_id, start_time, end_time)
VALUES ('2025-12-20', 2, 3, '09:00:00', '18:00:00'),
       ('2025-12-21', 4, 5, '08:00:00', '17:00:00'),
       ('2025-12-22', 2, 4, '09:00:00', '18:00:00'),
       ('2025-12-23', 3, 5, '10:00:00', '19:00:00'),
       ('2025-12-24', 4, 2, '08:00:00', '17:00:00'),
       ('2025-12-25', 5, 3, '11:00:00', '20:00:00'),
       ('2025-12-26', 6, 7, '09:30:00', '18:30:00'),
       ('2025-12-27', 2, 6, '09:00:00', '18:00:00'),
       ('2025-12-28', 3, 7, '10:00:00', '19:00:00'),
       ('2025-12-29', 4, 2, '08:00:00', '17:00:00');

INSERT INTO notice_tb (id, title, content, employee_id, created_at)
VALUES (1, '운영 시간 변경 안내', '직원 여러분께 안내드립니다.

2025년 12월부터 평일 운영 시간이 변경되었습니다.

변경 사항:
기존 평일 09:00~18:00에서 평일 09:00~20:00로 2시간 연장됩니다.

근무 시간 변경에 따라 교대 근무 스케줄이 조정될 예정이며, 각 직원의 새로운 근무 시간표는 별도로 공지하겠습니다.

야간 근무 시 안전에 각별히 주의하시기 바랍니다.

문의사항이 있으시면 관리자에게 연락 부탁드립니다.', 1, '2025-12-10 10:00:00'),
       (2, '신규 프리미엄 세탁 서비스 런칭 안내', '직원 여러분께 새로운 서비스 런칭을 안내드립니다.

Clean4U에서 프리미엄 세탁 서비스를 새롭게 런칭했습니다.

서비스 내용:
- 프리미엄 세제 사용
- 개별 세탁 처리
- 전문 다림질
- 프리미엄 포장

가격은 기존 대비 30% 추가, VIP 고객 20% 할인입니다.

프리미엄 서비스 주문 시 별도 표시, 세탁 전 옷감 상태 확인 필수입니다.

12월 20일 오후 2시 교육 실시, 모든 직원 필수 참석입니다.

문의: 관리자', 1, '2025-12-15 09:00:00'),
       (3, '세탁 항목 가격 조정 안내', '직원 여러분께 가격 변동 사항을 안내드립니다.

2026년 1월 1일부터 일부 세탁 항목의 가격이 조정됩니다.

가격 인상:
- 드라이클리닝 20,000→22,000원(10%)
- 코트 8,000→9,000원(12.5%)
- 이불 12,000→13,000원(8.3%)

가격 변경 전 주문은 기존 가격, 신규 주문부터 새 가격 적용됩니다.

가격표는 12월 30일까지 업데이트, 고객에게 사전 안내 필수입니다.

문의: 관리자', 1, '2025-12-20 14:30:00'),
       (4, '시스템 점검 및 업데이트 안내', '직원 여러분께 시스템 점검 일정을 안내드립니다.

일시: 2026년 1월 2일(목) 23:00~1월 3일(금) 01:00
소요 시간: 약 2시간

점검 내용: 주문 관리 시스템 업데이트 및 DB 최적화입니다.

점검 중 제한 사항:
- 주문 접수 시스템 사용 불가
- 고객 정보 조회 제한
- 재고 관리 시스템 일시 중단

비상 연락처: 시스템 담당자 내선 101, 관리자 내선 100입니다.', 1, '2025-12-25 00:00:00'),
       (5, '연말 이벤트 및 고객 서비스 강화 안내', '직원 여러분께 연말 이벤트 및 서비스 강화 사항을 안내드립니다.

12월 한 달간 특별 이벤트를 진행합니다.

이벤트 내용:
- VIP 고객 20% 할인(12/1~31)
- 신규 고객 첫 방문 10% 할인
- 대량 세탁 10만원 이상 15% 할인

서비스 강화:
- 세탁 전 옷감 상태 사진 촬영 필수
- 주문 완료 시 만족도 조사 안내

이벤트 기간 중 주문량 증가 예상되며, 우수 평가 직원에게 보너스 지급됩니다.

문의: 관리자', 1, '2025-12-01 11:00:00'),
       (6, '세탁기 정기 점검 안내', '직원 여러분께 세탁기 정기 점검 일정을 안내드립니다.

일시: 2025년 12월 28일(일) 오전 9시~오후 1시
점검 내용: 세탁기 1호, 2호 정기 점검 및 청소

점검 중 주의사항:
- 점검 시간 중 해당 세탁기 사용 불가
- 남은 세탁기는 정상 운영
- 긴급 주문은 다른 세탁기로 처리

점검 완료 후 정상 운영 재개됩니다.

문의: 관리자', 1, '2025-12-22 09:00:00'),
       (7, '신규 직원 교육 일정 안내', '직원 여러분께 신규 직원 교육 일정을 안내드립니다.

일시: 2025년 12월 27일(토) 오전 10시~오후 3시
장소: 본점 교육실

교육 내용:
- 주문 접수 시스템 사용법
- 세탁 프로세스 및 주의사항
- 고객 응대 매뉴얼
- 안전 수칙

기존 직원 중 참관 희망자는 사전 신청 부탁드립니다.

문의: 관리자', 1, '2025-12-23 10:00:00'),
       (8, '연말 정산 및 급여 지급 안내', '직원 여러분께 연말 정산 및 급여 지급 일정을 안내드립니다.

급여 지급일: 2025년 12월 25일(수)
정산 기간: 2025년 11월 1일~11월 30일

지급 내용:
- 기본급
- 시간외 수당
- 성과급(해당자)

급여 명세서는 개별 전달 예정입니다.

문의: 관리자', 1, '2025-12-20 14:00:00'),
       (9, '설 연휴 휴무 및 연휴 기간 업무 안내', '직원 여러분께 설 연휴 휴무 일정을 안내드립니다.

휴무 기간: 2025년 1월 28일(화)~1월 30일(목), 총 3일간 휴무입니다.

연휴 전 마감 작업(1/27까지):
- 미수령 주문 고객 연락 및 안내
- 재고 정리 및 시설 점검

고객 안내:
- 연휴 휴무 안내문 부착
- 온라인 예약 시스템 휴무 안내

시설 관리:
- 세탁기 및 건조기 청소 및 점검
- 방범 시스템 점검

연휴 중 비상 상황 발생 시 관리자 연락 필수입니다.

문의: 관리자', 1, '2025-12-15 00:00:00');

INSERT INTO supply_item_history_tb (supply_item_id, type, quantity, stock_before, stock_after, memo, employee_id,
                                    created_at)
VALUES (1, 'IN', 80, 0, 80, '오픈 대비 초기 입고
통합 납품서 #2025-01-05-001', 1, '2025-01-05 08:30:00'),
       (2, 'IN', 60, 0, 60, '오픈 대비 초기 입고
통합 납품서 #2025-01-05-001', 1, '2025-01-05 08:30:00'),
       (1, 'ADJUSTMENT', 0, 80, 80, '초기 입고 후 재고 확인 조정
       통합 실사서 #AUDIT-2025-01-15-001', 3, '2025-01-15 10:00:00'),
       (2, 'ADJUSTMENT', 0, 60, 60, '초기 입고 후 재고 확인 조정
       통합 실사서 #AUDIT-2025-01-15-001', 3, '2025-01-15 10:00:00'),
       (1, 'UPDATE', 0, 80, 80, '품목 정보 수정: 상품명 표준화
       통합 수정서 #UPDATE-2025-01-15-001', 3, '2025-01-15 10:00:00'),
       (2, 'UPDATE', 0, 60, 60, '품목 정보 수정: 상품명 표준화
       통합 수정서 #UPDATE-2025-01-15-001', 3, '2025-01-15 10:00:00'),
       (1, 'OUT', 15, 80, 65, '초기 운영 소모분 출고
       통합 주문서 #ORD-2025-01-25-001', 9, '2025-01-25 14:15:00'),
       (2, 'OUT', 15, 60, 45, '초기 운영 소모분 출고
       통합 주문서 #ORD-2025-01-25-001', 9, '2025-01-25 14:15:00'),
       (1, 'ADJUSTMENT', 0, 65, 65, '1월 월말 실사 조정
       통합 실사서 #AUDIT-2025-01-28-001', 15, '2025-01-28 16:00:00'),
       (2, 'ADJUSTMENT', 0, 45, 45, '1월 월말 실사 조정
       통합 실사서 #AUDIT-2025-01-28-001', 15, '2025-01-28 16:00:00'),
       (1, 'UPDATE', 0, 65, 65, '품목 정보 수정: 단위 및 규격 정보 정정
       통합 수정서 #UPDATE-2025-01-28-001', 15, '2025-01-28 16:00:00'),
       (2, 'UPDATE', 0, 45, 45, '품목 정보 수정: 단위 및 규격 정보 정정
       통합 수정서 #UPDATE-2025-01-28-001', 15, '2025-01-28 16:00:00'),
       (3, 'IN', 15, 0, 15, '2월 초기 입고
       통합 납품서 #2025-02-10-001', 5, '2025-02-10 10:30:00'),
       (4, 'IN', 500, 0, 500, '2월 초기 입고
       통합 납품서 #2025-02-10-001', 5, '2025-02-10 10:30:00'),
       (3, 'OUT', 3, 15, 12, '2월 초기 입고 후 소모분 출고
       통합 주문서 #ORD-2025-02-20-001', 7, '2025-02-20 14:00:00'),
       (4, 'OUT', 50, 500, 450, '2월 초기 입고 후 소모분 출고
       통합 주문서 #ORD-2025-02-20-001', 7, '2025-02-20 14:00:00'),
       (3, 'ADJUSTMENT', 0, 12, 12, '2월 월말 실사 조정
       통합 실사서 #AUDIT-2025-02-28-001', 6, '2025-02-28 16:00:00'),
       (4, 'ADJUSTMENT', 0, 450, 450, '2월 월말 실사 조정
       통합 실사서 #AUDIT-2025-02-28-001', 6, '2025-02-28 16:00:00'),
       (3, 'UPDATE', 0, 12, 12, '품목 정보 수정: 상품명 표준화
       통합 수정서 #UPDATE-2025-02-28-001', 11, '2025-02-28 16:00:00'),
       (4, 'UPDATE', 0, 450, 450, '품목 정보 수정
       상품명 표준화
       통합 수정서 #UPDATE-2025-02-28-001', 11, '2025-02-28 16:00:00'),
       (3, 'OUT', 7, 12, 5, '얼룩 제거 작업 투입분 출고
       통합 주문서 #ORD-2025-02-25-001', 20, '2025-02-25 13:20:00'),
       (4, 'IN', 300, 450, 750, '봄 이벤트 대비 대량 입고
       통합 납품서 #2025-03-10-001', 5, '2025-03-10 09:15:00'),
       (5, 'IN', 600, 0, 600, '3월 초기 입고
       통합 납품서 #2025-03-10-001', 19, '2025-03-10 09:15:00'),
       (4, 'OUT', 100, 750, 650, '3월 초기 입고 후 소모분 출고
       통합 주문서 #ORD-2025-03-15-001', 19, '2025-03-15 14:00:00'),
       (5, 'OUT', 50, 600, 550, '3월 초기 입고 후 소모분 출고
       통합 주문서 #ORD-2025-03-15-001', 19, '2025-03-15 14:00:00'),
       (4, 'ADJUSTMENT', 0, 650, 650, '3월 월말 실사 조정
       통합 실사서 #AUDIT-2025-03-28-001', 14, '2025-03-28 16:00:00'),
       (5, 'ADJUSTMENT', 0, 550, 550, '3월 월말 실사 조정
       통합 실사서 #AUDIT-2025-03-28-001', 14, '2025-03-28 16:00:00'),
       (4, 'UPDATE', 0, 650, 650, '품목 정보 수정: 단위 표기 정정
       통합 수정서 #UPDATE-2025-03-28-001', 10, '2025-03-28 16:00:00'),
       (5, 'UPDATE', 0, 550, 550, '품목 정보 수정: 단위 표기 정정
       통합 수정서 #UPDATE-2025-03-28-001', 10, '2025-03-28 16:00:00'),
       (5, 'IN', 250, 550, 800, '프로모션 대비 추가 입고
       통합 납품서 #2025-03-25-001', 17, '2025-03-25 15:20:00'),
       (6, 'IN', 400, 0, 400, '3월 초기 입고
       통합 납품서 #2025-03-25-001', 17, '2025-03-25 15:20:00'),
       (5, 'OUT', 50, 800, 750, '3월 추가 입고 후 소모분 출고
       통합 주문서 #ORD-2025-03-30-001', 13, '2025-03-30 14:00:00'),
       (6, 'OUT', 50, 400, 350, '3월 추가 입고 후 소모분 출고
       통합 주문서 #ORD-2025-03-30-001', 13, '2025-03-30 14:00:00'),
       (6, 'IN', 100, 350, 450, '4월 초기 입고
       통합 납품서 #2025-04-10-001', 16, '2025-04-10 09:30:00'),
       (7, 'IN', 200, 0, 200, '4월 초기 입고
       통합 납품서 #2025-04-10-001', 16, '2025-04-10 09:30:00'),
       (6, 'OUT', 50, 450, 400, '4월 초기 입고 후 소모분 출고
       통합 주문서 #ORD-2025-04-20-001', 3, '2025-04-20 14:00:00'),
       (7, 'OUT', 30, 200, 170, '4월 초기 입고 후 소모분 출고
       통합 주문서 #ORD-2025-04-20-001', 3, '2025-04-20 14:00:00'),
       (6, 'ADJUSTMENT', 50, 400, 450, '4월 월말 실사 조정
       통합 실사서 #AUDIT-2025-04-28-001', 10, '2025-04-28 16:00:00'),
       (7, 'ADJUSTMENT', 50, 170, 220, '4월 월말 실사 조정
       통합 실사서 #AUDIT-2025-04-28-001', 10, '2025-04-28 16:00:00'),
       (6, 'UPDATE', 0, 450, 450, '품목 정보 수정: 품목명 및 규격 정보 정정
       통합 수정서 #UPDATE-2025-04-28-001', 15, '2025-04-28 16:00:00'),
       (7, 'UPDATE', 0, 220, 220, '품목 정보 수정: 품목명 및 규격 정보 정정
       통합 수정서 #UPDATE-2025-04-28-001', 15, '2025-04-28 16:00:00'),
       (7, 'IN', 30, 220, 250, '소형 사이즈 보충 입고
       통합 납품서 #2025-04-28-001', 18, '2025-04-28 10:20:00'),
       (8, 'IN', 25, 0, 25, '5월 초기 입고
       통합 납품서 #2025-05-02-001', 5, '2025-05-02 13:45:00'),
       (9, 'IN', 30, 0, 30, '5월 초기 입고
       통합 납품서 #2025-05-02-001', 5, '2025-05-02 13:45:00'),
       (8, 'OUT', 5, 25, 20, '5월 초기 입고 후 소모분 출고
       통합 주문서 #ORD-2025-05-10-001', 9, '2025-05-10 14:00:00'),
       (9, 'OUT', 8, 30, 22, '5월 초기 입고 후 소모분 출고
       통합 주문서 #ORD-2025-05-10-001', 9, '2025-05-10 14:00:00'),
       (8, 'ADJUSTMENT', 5, 20, 25, '5월 월말 실사 조정
       통합 실사서 #AUDIT-2025-05-25-001', 12, '2025-05-25 16:00:00'),
       (9, 'ADJUSTMENT', 8, 22, 30, '5월 월말 실사 조정
       통합 실사서 #AUDIT-2025-05-25-001', 12, '2025-05-25 16:00:00'),
       (8, 'UPDATE', 0, 25, 25, '품목 정보 수정: 공급사 정보 업데이트
       통합 수정서 #UPDATE-2025-05-25-001', 2, '2025-05-25 16:00:00'),
       (9, 'UPDATE', 0, 30, 30, '품목 정보 수정: 공급사 정보 업데이트
       통합 수정서 #UPDATE-2025-05-25-001', 2, '2025-05-25 16:00:00'),
       (8, 'IN', 10, 25, 35, '강력 타입 소량 추가 입고
       통합 납품서 #2025-05-15-001', 5, '2025-05-15 11:30:00'),
       (9, 'IN', 15, 30, 45, '향 강화 버전 추가 입고
       통합 납품서 #2025-05-15-001', 10, '2025-05-15 11:30:00'),
       (8, 'OUT', 7, 35, 28, '5월 추가 입고 후 소모분 출고
       통합 주문서 #ORD-2025-05-20-001', 7, '2025-05-20 14:00:00'),
       (9, 'OUT', 13, 45, 32, '5월 추가 입고 후 소모분 출고
       통합 주문서 #ORD-2025-05-20-001', 7, '2025-05-20 14:00:00'),
       (10, 'IN', 2000, 0, 2000, '6월 초기 입고
       통합 납품서 #2025-06-08-001', 12, '2025-06-08 15:15:00'),
       (11, 'IN', 350, 0, 350, '6월 초기 입고
       통합 납품서 #2025-06-08-001', 12, '2025-06-08 15:15:00'),
       (10, 'OUT', 200, 2000, 1800, '6월 초기 입고 후 소모분 출고
       통합 주문서 #ORD-2025-06-15-001', 10, '2025-06-15 14:00:00'),
       (11, 'OUT', 50, 350, 300, '6월 초기 입고 후 소모분 출고
       통합 주문서 #ORD-2025-06-15-001', 10, '2025-06-15 14:00:00'),
       (10, 'ADJUSTMENT', 200, 1800, 2000, '6월 월말 실사 조정
       통합 실사서 #AUDIT-2025-06-25-001', 1, '2025-06-25 16:00:00'),
       (11, 'ADJUSTMENT', 50, 300, 350, '6월 월말 실사 조정
       통합 실사서 #AUDIT-2025-06-25-001', 1, '2025-06-25 16:00:00'),
       (10, 'UPDATE', 0, 2000, 2000, '품목 정보 수정: 공급사 정보 업데이트
       통합 수정서 #UPDATE-2025-06-25-001', 4, '2025-06-25 16:00:00'),
       (11, 'UPDATE', 0, 350, 350, '품목 정보 수정: 공급사 정보 업데이트
       통합 수정서 #UPDATE-2025-06-25-001', 4, '2025-06-25 16:00:00'),
       (10, 'IN', 800, 2000, 2800, '프랜차이즈 오픈 대비 대량 입고
       통합 납품서 #2025-06-20-001', 12, '2025-06-20 10:00:00'),
       (11, 'IN', 100, 350, 450, '접착력 강화 제품 추가 입고
       통합 납품서 #2025-06-20-001', 21, '2025-06-20 10:00:00'),
       (10, 'OUT', 300, 2800, 2500, '6월 추가 입고 후 소모분 출고
       통합 주문서 #ORD-2025-06-30-001', 7, '2025-06-30 14:00:00'),
       (11, 'OUT', 70, 450, 380, '6월 추가 입고 후 소모분 출고
       통합 주문서 #ORD-2025-06-30-001', 7, '2025-06-30 14:00:00'),
       (12, 'IN', 100, 0, 100, '7월 초기 입고
       통합 납품서 #2025-07-10-001', 19, '2025-07-10 10:00:00'),
       (12, 'OUT', 20, 100, 80, '7월 초기 입고 후 소모분 출고
       통합 주문서 #ORD-2025-07-15-001', 1, '2025-07-15 14:00:00'),
       (12, 'ADJUSTMENT', 40, 80, 120, '7월 월말 실사 조정
       통합 실사서 #AUDIT-2025-07-25-001', 14, '2025-07-25 16:00:00'),
       (12, 'UPDATE', 0, 120, 120, '품목 정보 수정
       공급사 정보 업데이트', 14, '2025-07-25 16:00:00'),
       (12, 'IN', 20, 120, 140, '7월 정기입고
       월간 정기 납품 #2025-07-20
       통합 납품서 #2025-07-20-001', 4, '2025-07-20 11:00:00'),
       (12, 'IN', 40, 100, 140, '7월 정기입고
       월간 정기 납품 #2025-07-20
       통합 납품서 #2025-07-20-001', 16, '2025-07-20 11:00:00'),
       (4, 'OUT', 150, 800, 650, '7월 월말 소모량 출고
       통합 주문서 #ORD-2025-07-20-001', 16, '2025-07-20 11:00:00'),
       (5, 'OUT', 100, 850, 750, '7월 월말 소모량 출고
       통합 주문서 #ORD-2025-07-20-001', 16, '2025-07-20 11:00:00'),
       (6, 'OUT', 50, 500, 450, '7월 월말 소모량 출고
       통합 주문서 #ORD-2025-07-20-001', 1, '2025-07-20 11:00:00'),
       (7, 'OUT', 30, 250, 220, '7월 월말 소모량 출고
       통합 주문서 #ORD-2025-07-20-001', 16, '2025-07-20 11:00:00'),
       (8, 'OUT', 7, 35, 28, '7월 월말 소모량 출고
       통합 주문서 #ORD-2025-07-20-001', 16, '2025-07-20 11:00:00'),
       (9, 'OUT', 13, 45, 32, '7월 월말 소모량 출고
       통합 주문서 #ORD-2025-07-20-001', 16, '2025-07-20 11:00:00'),
       (10, 'OUT', 300, 2800, 2500, '7월 월말 소모량 출고
       통합 주문서 #ORD-2025-07-20-001', 16, '2025-07-20 11:00:00'),
       (11, 'OUT', 70, 450, 380, '7월 월말 소모량 출고
       통합 주문서 #ORD-2025-07-20-001', 16, '2025-07-20 11:00:00'),
       (12, 'OUT', 20, 140, 120, '7월 월말 소모량 출고
       통합 주문서 #ORD-2025-07-20-001', 16, '2025-07-20 11:00:00'),
       (1, 'ADJUSTMENT', 0, 65, 65, '분기 실사 조정
       통합 실사서
       #AUDIT-2025-08-01-001', 18, '2025-08-01 09:00:00'),
       (2, 'ADJUSTMENT', 0, 45, 45, '분기 실사 조정
       통합 실사서
       #AUDIT-2025-08-01-001', 18, '2025-08-01 09:00:00'),
       (3, 'UPDATE', 0, 12, 12, '분기 실사 조정
       통합 실사서
       #AUDIT-2025-08-01-001', 18, '2025-08-01 09:00:00'),
       (7, 'ADJUSTMENT', 0, 220, 220, '분기 실사 조정
       통합 실사서
       #AUDIT-2025-08-01-001', 2, '2025-08-01 09:00:00'),
       (11, 'UPDATE', 0, 380, 380, '분기 실사 조정
       통합 실사서
       #AUDIT-2025-08-01-001', 2, '2025-08-01 09:00:00'),
       (12, 'ADJUSTMENT', 0, 120, 120, '분기 실사 조정
       통합 실사서
       #AUDIT-2025-08-01-001', 2, '2025-08-01 09:00:00'),
       (1, 'IN', 25, 65, 90, '9월 정기입고
       월간 정기 납품 #2025-09-15
       통합 납품서 #2025-09-15-001', 5, '2025-09-15 08:30:00'),
       (2, 'IN', 15, 45, 60, '9월 정기입고
       월간 정기 납품 #2025-09-15
       통합 납품서 #2025-09-15-001', 5, '2025-09-15 08:30:00'),
       (3, 'IN', 10, 12, 22, '9월 정기입고
       월간 정기 납품 #2025-09-15
       통합 납품서 #2025-09-15-001', 5, '2025-09-15 08:30:00'),
       (4, 'IN', 200, 650, 850, '9월 정기입고
       월간 정기 납품 #2025-09-15
       통합 납품서 #2025-09-15-001', 5, '2025-09-15 08:30:00'),
       (5, 'IN', 300, 750, 1050, '9월 정기입고
       월간 정기 납품 #2025-09-15
       통합 납품서 #2025-09-15-001', 5, '2025-09-15 08:30:00'),
       (6, 'IN', 100, 450, 550, '9월 정기입고
       월간 정기 납품 #2025-09-15
       통합 납품서 #2025-09-15-001', 5, '2025-09-15 08:30:00'),
       (7, 'IN', 50, 220, 270, '9월 정기입고
       월간 정기 납품 #2025-09-15
       통합 납품서 #2025-09-15-001', 5, '2025-09-15 08:30:00'),
       (8, 'IN', 10, 28, 38, '9월 정기입고
       월간 정기 납품 #2025-09-15
       통합 납품서 #2025-09-15-001', 5, '2025-09-15 08:30:00'),
       (9, 'IN', 15, 32, 47, '9월 정기입고
       월간 정기 납품 #2025-09-15
       통합 납품서 #2025-09-15-001', 5, '2025-09-15 08:30:00'),
       (10, 'IN', 500, 2500, 3000, '9월 정기입고
       월간 정기 납품 #2025-09-15
       통합 납품서 #2025-09-15-001', 5, '2025-09-15 08:30:00'),
       (11, 'IN', 100, 380, 480, '9월 정기입고
       월간 정기 납품 #2025-09-15
       통합 납품서 #2025-09-15-001', 5, '2025-09-15 08:30:00'),
       (12, 'IN', 40, 120, 160, '9월 정기입고
       월간 정기 납품 #2025-09-15
       통합 납품서 #2025-09-15-001', 5, '2025-09-15 08:30:00'),
       (1, 'OUT', 20, 90, 70, '대량 주문 출고
       통합 주문서 #ORD-2025-09-25-001', 10, '2025-09-25 10:00:00'),
       (2, 'OUT', 12, 60, 48, '대량 주문 출고
       통합 주문서 #ORD-2025-09-25-001', 10, '2025-09-25 10:00:00'),
       (4, 'OUT', 150, 850, 700, '대량 주문 출고
       통합 주문서 #ORD-2025-09-25-001', 10, '2025-09-25 10:00:00'),
       (5, 'OUT', 200, 1050, 850, '대량 주문 출고
       통합 주문서 #ORD-2025-09-25-001', 10, '2025-09-25 10:00:00'),
       (10, 'OUT', 300, 3000, 2700, '대량 주문 출고
       통합 주문서 #ORD-2025-09-25-001', 10, '2025-09-25 10:00:00'),
       (11, 'OUT', 50, 480, 430, '대량 주문 출고
       통합 주문서 #ORD-2025-09-25-001', 10, '2025-09-25 10:00:00'),
       (1, 'ADJUSTMENT', -5, 70, 65, '분기 실사 조정
       통합 실사서 #AUDIT-2025-09-30-001', 4, '2025-09-30 09:00:00'),
       (2, 'ADJUSTMENT', -3, 48, 45, '분기 실사 조정
       통합 실사서 #AUDIT-2025-09-30-001', 4, '2025-09-30 09:00:00'),
       (4, 'ADJUSTMENT', -50, 700, 650, '분기 실사 조정
       통합 실사서 #AUDIT-2025-09-30-001', 4, '2025-09-30 09:00:00'),
       (11, 'ADJUSTMENT', -50, 430, 380, '분기 실사 조정
       통합 실사서 #AUDIT-2025-09-30-001', 4, '2025-09-30 09:00:00'),
       (1, 'IN', 25, 65, 90, '10월 정기입고
       월간 정기 납품 #2025-10-15
       통합 납품서 #2025-10-15-001', 11, '2025-10-15 08:30:00'),
       (2, 'IN', 15, 45, 60, '10월 정기입고
       월간 정기 납품 #2025-10-15
       통합 납품서 #2025-10-15-001', 11, '2025-10-15 08:30:00'),
       (3, 'IN', 10, 22, 32, '10월 정기입고
       월간 정기 납품 #2025-10-15
       통합 납품서 #2025-10-15-001', 11, '2025-10-15 08:30:00'),
       (4, 'IN', 200, 650, 850, '10월 정기입고
       월간 정기 납품 #2025-10-15
       통합 납품서 #2025-10-15-001', 11, '2025-10-15 08:30:00'),
       (5, 'IN', 300, 750, 1050, '10월 정기입고
       월간 정기 납품 #2025-10-15
       통합 납품서 #2025-10-15-001', 11, '2025-10-15 08:30:00'),
       (6, 'IN', 100, 450, 550, '10월 정기입고
       월간 정기 납품 #2025-10-15
       통합 납품서 #2025-10-15-001', 11, '2025-10-15 08:30:00'),
       (7, 'IN', 50, 270, 320, '10월 정기입고
       월간 정기 납품 #2025-10-15
       통합 납품서 #2025-10-15-001', 11, '2025-10-15 08:30:00'),
       (8, 'IN', 10, 38, 48, '10월 정기입고
       월간 정기 납품 #2025-10-15
       통합 납품서 #2025-10-15-001', 11, '2025-10-15 08:30:00'),
       (9, 'IN', 15, 47, 62, '10월 정기입고
       월간 정기 납품 #2025-10-15
       통합 납품서 #2025-10-15-001', 11, '2025-10-15 08:30:00'),
       (10, 'IN', 500, 2500, 3000, '10월 정기입고
       월간 정기 납품 #2025-10-15
       통합 납품서 #2025-10-15-001', 11, '2025-10-15 08:30:00'),
       (11, 'IN', 100, 380, 480, '10월 정기입고
       월간 정기 납품 #2025-10-15
       통합 납품서 #2025-10-15-001', 11, '2025-10-15 08:30:00'),
       (12, 'IN', 40, 160, 200, '10월 정기입고
       월간 정기 납품 #2025-10-15
       통합 납품서 #2025-10-15-001', 11, '2025-10-15 08:30:00'),
       (1, 'OUT', 25, 90, 65, '10월 월말 소모량 출고
       통합 주문서 #ORD-2025-10-28-001', 1, '2025-10-28 16:00:00'),
       (2, 'OUT', 15, 60, 45, '10월 월말 소모량 출고
       통합 주문서 #ORD-2025-10-28-001', 1, '2025-10-28 16:00:00'),
       (3, 'OUT', 27, 32, 5, '10월 월말 소모량 출고
       통합 주문서 #ORD-2025-10-28-001', 1, '2025-10-28 16:00:00'),
       (4, 'OUT', 200, 850, 650, '10월 월말 소모량 출고
       통합 주문서 #ORD-2025-10-28-001', 1, '2025-10-28 16:00:00'),
       (5, 'OUT', 100, 1050, 950, '10월 월말 소모량 출고
       통합 주문서 #ORD-2025-10-28-001', 1, '2025-10-28 16:00:00'),
       (6, 'OUT', 100, 550, 450, '10월 월말 소모량 출고
       통합 주문서 #ORD-2025-10-28-001', 1, '2025-10-28 16:00:00'),
       (7, 'OUT', 250, 320, 70, '10월 월말 소모량 출고
       통합 주문서 #ORD-2025-10-28-001', 1, '2025-10-28 16:00:00'),
       (8, 'OUT', 38, 48, 10, '10월 월말 소모량 출고
       통합 주문서 #ORD-2025-10-28-001', 1, '2025-10-28 16:00:00'),
       (9, 'OUT', 52, 62, 10, '10월 월말 소모량 출고
       통합 주문서 #ORD-2025-10-28-001', 1, '2025-10-28 16:00:00'),
       (10, 'OUT', 200, 3000, 2800, '10월 월말 소모량 출고
       통합 주문서 #ORD-2025-10-28-001', 1, '2025-10-28 16:00:00'),
       (11, 'OUT', 380, 480, 100, '10월 월말 소모량 출고
       통합 주문서 #ORD-2025-10-28-001', 1, '2025-10-28 16:00:00'),
       (12, 'OUT', 170, 200, 30, '10월 월말 소모량 출고
       통합 주문서 #ORD-2025-10-28-001', 1, '2025-10-28 16:00:00'),
       (1, 'IN', 25, 65, 90, '11월 정기입고
       월간 정기 납품 #2025-11-15
       통합 납품서 #2025-11-15-001', 15, '2025-11-15 08:30:00'),
       (2, 'IN', 15, 45, 60, '11월 정기입고
       월간 정기 납품 #2025-11-15
       통합 납품서 #2025-11-15-001', 15, '2025-11-15 08:30:00'),
       (3, 'IN', 10, 5, 15, '11월 정기입고
       월간 정기 납품 #2025-11-15
       통합 납품서 #2025-11-15-001', 15, '2025-11-15 08:30:00'),
       (4, 'IN', 200, 650, 850, '11월 정기입고
       월간 정기 납품 #2025-11-15
       통합 납품서 #2025-11-15-001', 15, '2025-11-15 08:30:00'),
       (5, 'IN', 300, 950, 1250, '11월 정기입고
       월간 정기 납품 #2025-11-15
       통합 납품서 #2025-11-15-001', 15, '2025-11-15 08:30:00'),
       (6, 'IN', 100, 450, 550, '11월 정기입고
       월간 정기 납품 #2025-11-15
       통합 납품서 #2025-11-15-001', 15, '2025-11-15 08:30:00'),
       (7, 'IN', 50, 70, 120, '11월 정기입고
       월간 정기 납품 #2025-11-15
       통합 납품서 #2025-11-15-001', 15, '2025-11-15 08:30:00'),
       (8, 'IN', 10, 10, 20, '11월 정기입고
       월간 정기 납품 #2025-11-15
       통합 납품서 #2025-11-15-001', 15, '2025-11-15 08:30:00'),
       (9, 'IN', 15, 10, 25, '11월 정기입고
       월간 정기 납품 #2025-11-15
       통합 납품서 #2025-11-15-001', 15, '2025-11-15 08:30:00'),
       (10, 'IN', 500, 2800, 3300, '11월 정기입고
       월간 정기 납품 #2025-11-15
       통합 납품서 #2025-11-15-001', 15, '2025-11-15 08:30:00'),
       (11, 'IN', 100, 100, 200, '11월 정기입고
       월간 정기 납품 #2025-11-15
       통합 납품서 #2025-11-15-001', 15, '2025-11-15 08:30:00'),
       (12, 'IN', 40, 30, 70, '11월 정기입고
       월간 정기 납품 #2025-11-15
       통합 납품서 #2025-11-15-001', 15, '2025-11-15 08:30:00'),
       (1, 'OUT', 25, 90, 65, '11월 월말 소모량 출고
       통합 주문서 #ORD-2025-11-28-001', 11, '2025-11-28 16:00:00'),
       (2, 'OUT', 15, 60, 45, '11월 월말 소모량 출고
       통합 주문서 #ORD-2025-11-28-001', 11, '2025-11-28 16:00:00'),
       (3, 'OUT', 10, 15, 5, '11월 월말 소모량 출고
       통합 주문서 #ORD-2025-11-28-001', 11, '2025-11-28 16:00:00'),
       (4, 'OUT', 200, 850, 650, '11월 월말 소모량 출고
       통합 주문서 #ORD-2025-11-28-001', 11, '2025-11-28 16:00:00'),
       (5, 'OUT', 500, 1250, 750, '11월 월말 소모량 출고
       통합 주문서 #ORD-2025-11-28-001', 11, '2025-11-28 16:00:00'),
       (6, 'OUT', 100, 550, 450, '11월 월말 소모량 출고
       통합 주문서 #ORD-2025-11-28-001', 11, '2025-11-28 16:00:00'),
       (7, 'OUT', 50, 120, 70, '11월 월말 소모량 출고
       통합 주문서 #ORD-2025-11-28-001', 11, '2025-11-28 16:00:00'),
       (8, 'OUT', 10, 20, 10, '11월 월말 소모량 출고
       통합 주문서 #ORD-2025-11-28-001', 11, '2025-11-28 16:00:00'),
       (9, 'OUT', 15, 25, 10, '11월 월말 소모량 출고
       통합 주문서 #ORD-2025-11-28-001', 11, '2025-11-28 16:00:00'),
       (10, 'OUT', 300, 3300, 3000, '11월 월말 소모량 출고
       통합 주문서 #ORD-2025-11-28-001', 11, '2025-11-28 16:00:00'),
       (11, 'OUT', 100, 200, 100, '11월 월말 소모량 출고
       통합 주문서 #ORD-2025-11-28-001', 11, '2025-11-28 16:00:00'),
       (12, 'OUT', 40, 70, 30, '11월 월말 소모량 출고
       통합 주문서 #ORD-2025-11-28-001', 1, '2025-11-28 16:00:00'),
       (1, 'IN', 25, 65, 90, '12월 정기입고
       월간 정기 납품 #2025-12-15
       통합 납품서 #2025-12-15-001', 3, '2025-12-15 08:30:00'),
       (2, 'IN', 15, 45, 60, '12월 정기입고
       월간 정기 납품 #2025-12-15
       통합 납품서 #2025-12-15-001', 3, '2025-12-15 08:30:00'),
       (3, 'IN', 10, 5, 15, '12월 정기입고
       월간 정기 납품 #2025-12-15
       통합 납품서 #2025-12-15-001', 3, '2025-12-15 08:30:00'),
       (4, 'IN', 200, 650, 850, '12월 정기입고
       월간 정기 납품 #2025-12-15
       통합 납품서 #2025-12-15-001', 3, '2025-12-15 08:30:00'),
       (5, 'IN', 300, 750, 1050, '12월 정기입고
       월간 정기 납품 #2025-12-15
       통합 납품서 #2025-12-15-001', 3, '2025-12-15 08:30:00'),
       (6, 'IN', 100, 450, 550, '12월 정기입고
       월간 정기 납품 #2025-12-15
       통합 납품서 #2025-12-15-001', 3, '2025-12-15 08:30:00'),
       (7, 'IN', 50, 70, 120, '12월 정기입고
       월간 정기 납품 #2025-12-15
       통합 납품서 #2025-12-15-001', 3, '2025-12-15 08:30:00'),
       (8, 'IN', 10, 10, 20, '12월 정기입고
       월간 정기 납품 #2025-12-15
       통합 납품서 #2025-12-15-001', 3, '2025-12-15 08:30:00'),
       (9, 'IN', 15, 10, 25, '12월 정기입고
       월간 정기 납품 #2025-12-15
       통합 납품서 #2025-12-15-001', 3, '2025-12-15 08:30:00'),
       (10, 'IN', 500, 3000, 3500, '12월 정기입고
       월간 정기 납품 #2025-12-15
       통합 납품서 #2025-12-15-001', 3, '2025-12-15 08:30:00'),
       (11, 'IN', 100, 100, 200, '12월 정기입고
       월간 정기 납품 #2025-12-15
       통합 납품서 #2025-12-15-001', 3, '2025-12-15 08:30:00'),
       (12, 'IN', 40, 30, 70, '12월 정기입고
       월간 정기 납품 #2025-12-15
       통합 납품서 #2025-12-15-001', 3, '2025-12-15 08:30:00'),
       (1, 'OUT', 25, 90, 65, '12월 월말 소모량 출고
       통합 주문서 #ORD-2025-12-28-001', 7, '2025-12-28 16:00:00'),
       (2, 'OUT', 15, 60, 45, '12월 월말 소모량 출고
       통합 주문서 #ORD-2025-12-28-001', 7, '2025-12-28 16:00:00'),
       (3, 'OUT', 10, 15, 5, '12월 월말 소모량 출고
       통합 주문서 #ORD-2025-12-28-001', 7, '2025-12-28 16:00:00'),
       (4, 'OUT', 200, 850, 650, '12월 월말 소모량 출고
       통합 주문서 #ORD-2025-12-28-001', 7, '2025-12-28 16:00:00'),
       (5, 'OUT', 300, 1050, 750, '12월 월말 소모량 출고
       통합 주문서 #ORD-2025-12-28-001', 7, '2025-12-28 16:00:00'),
       (6, 'OUT', 100, 550, 450, '12월 월말 소모량 출고
       통합 주문서 #ORD-2025-12-28-001', 7, '2025-12-28 16:00:00'),
       (7, 'OUT', 50, 120, 70, '12월 월말 소모량 출고
       통합 주문서 #ORD-2025-12-28-001', 7, '2025-12-28 16:00:00'),
       (8, 'OUT', 10, 20, 10, '12월 월말 소모량 출고
       통합 주문서 #ORD-2025-12-28-001', 7, '2025-12-28 16:00:00'),
       (9, 'OUT', 15, 25, 10, '12월 월말 소모량 출고
       통합 주문서 #ORD-2025-12-28-001', 7, '2025-12-28 16:00:00'),
       (10, 'OUT', 1000, 3500, 2500, '12월 월말 소모량 출고
       통합 주문서 #ORD-2025-12-28-001', 7, '2025-12-28 16:00:00'),
       (11, 'OUT', 100, 200, 100, '12월 월말 소모량 출고
       통합 주문서 #ORD-2025-12-28-001', 7, '2025-12-28 16:00:00'),
       (12, 'OUT', 40, 70, 30, '12월 월말 소모량 출고
       통합 주문서 #ORD-2025-12-28-001', 7, '2025-12-28 16:00:00'),
       (1, 'IN', 25, 65, 90, '2026년 1월 정기입고
       월간 정기 납품 #2026-01-15
       통합 납품서 #2026-01-15-001', 18, '2026-01-15 08:30:00'),
       (2, 'IN', 15, 45, 60, '2026년 1월 정기입고
       월간 정기 납품 #2026-01-15
       통합 납품서 #2026-01-15-001', 18, '2026-01-15 08:30:00'),
       (3, 'IN', 10, 5, 15, '2026년 1월 정기입고
       월간 정기 납품 #2026-01-15
       통합 납품서 #2026-01-15-001', 18, '2026-01-15 08:30:00'),
       (4, 'IN', 200, 650, 850, '2026년 1월 정기입고
       월간 정기 납품 #2026-01-15
       통합 납품서 #2026-01-15-001', 18, '2026-01-15 08:30:00'),
       (5, 'IN', 300, 750, 1050, '2026년 1월 정기입고
       월간 정기 납품 #2026-01-15
       통합 납품서 #2026-01-15-001', 18, '2026-01-15 08:30:00'),
       (6, 'IN', 100, 450, 550, '2026년 1월 정기입고
       월간 정기 납품 #2026-01-15
       통합 납품서 #2026-01-15-001', 18, '2026-01-15 08:30:00'),
       (7, 'IN', 50, 70, 120, '2026년 1월 정기입고
       월간 정기 납품 #2026-01-15
       통합 납품서 #2026-01-15-001', 18, '2026-01-15 08:30:00'),
       (8, 'IN', 10, 10, 20, '2026년 1월 정기입고
       월간 정기 납품 #2026-01-15
       통합 납품서 #2026-01-15-001', 18, '2026-01-15 08:30:00'),
       (9, 'IN', 15, 10, 25, '2026년 1월 정기입고
       월간 정기 납품 #2026-01-15
       통합 납품서 #2026-01-15-001', 18, '2026-01-15 08:30:00'),
       (10, 'IN', 500, 2500, 3000, '2026년 1월 정기입고
       월간 정기 납품 #2026-01-15
       통합 납품서 #2026-01-15-001', 18, '2026-01-15 08:30:00'),
       (11, 'IN', 100, 100, 200, '2026년 1월 정기입고
       월간 정기 납품 #2026-01-15
       통합 납품서 #2026-01-15-001', 18, '2026-01-15 08:30:00'),
       (12, 'IN', 40, 30, 70, '2026년 1월 정기입고
       월간 정기 납품 #2026-01-15
       통합 납품서 #2026-01-15-001', 18, '2026-01-15 08:30:00'),
       (1, 'ADJUSTMENT', 0, 90, 90, '2026년 1월 정기입고 후 재고 확인 조정
       통합 실사서 #AUDIT-2026-01-20-001', 12, '2026-01-20 10:00:00'),
       (2, 'ADJUSTMENT', 0, 60, 60, '2026년 1월 정기입고 후 재고 확인 조정
       통합 실사서 #AUDIT-2026-01-20-001', 12, '2026-01-20 10:00:00'),
       (3, 'ADJUSTMENT', 0, 15, 15, '2026년 1월 정기입고 후 재고 확인 조정
       통합 실사서 #AUDIT-2026-01-20-001', 12, '2026-01-20 10:00:00'),
       (4, 'ADJUSTMENT', 0, 850, 850, '2026년 1월 정기입고 후 재고 확인 조정
       통합 실사서 #AUDIT-2026-01-20-001', 12, '2026-01-20 10:00:00'),
       (5, 'ADJUSTMENT', 0, 1050, 1050, '2026년 1월 정기입고 후 재고 확인 조정
       통합 실사서 #AUDIT-2026-01-20-001', 12, '2026-01-20 10:00:00'),
       (6, 'ADJUSTMENT', 0, 550, 550, '2026년 1월 정기입고 후 재고 확인 조정
       통합 실사서 #AUDIT-2026-01-20-001', 12, '2026-01-20 10:00:00'),
       (1, 'UPDATE', 0, 90, 90, '품목 정보 수정: 상품명 및 단위 표준화
       통합 수정서 #UPDATE-2026-01-20-001', 12, '2026-01-20 10:00:00'),
       (2, 'UPDATE', 0, 60, 60, '품목 정보 수정: 상품명 및 단위 표준화
       통합 수정서 #UPDATE-2026-01-20-001', 12, '2026-01-20 10:00:00'),
       (3, 'UPDATE', 0, 15, 15, '품목 정보 수정: 상품명 및 단위 표준화
       통합 수정서 #UPDATE-2026-01-20-001', 12, '2026-01-20 10:00:00'),
       (4, 'UPDATE', 0, 850, 850, '품목 정보 수정: 상품명 및 단위 표준화
       통합 수정서 #UPDATE-2026-01-20-001', 12, '2026-01-20 10:00:00'),
       (5, 'UPDATE', 0, 1050, 1050, '품목 정보 수정: 상품명 및 단위 표준화
       통합 수정서 #UPDATE-2026-01-20-001', 12, '2026-01-20 10:00:00'),
       (6, 'UPDATE', 0, 550, 550, '품목 정보 수정: 상품명 및 단위 표준화
       통합 수정서 #UPDATE-2026-01-20-001', 12, '2026-01-20 10:00:00'),
       (1, 'OUT', 25, 90, 65, '2026년 1월 월말 소모량 출고
       통합 주문서 #ORD-2026-01-28-001', 2, '2026-01-28 16:00:00'),
       (2, 'OUT', 15, 60, 45, '2026년 1월 월말 소모량 출고
       통합 주문서 #ORD-2026-01-28-001', 2, '2026-01-28 16:00:00'),
       (3, 'OUT', 10, 15, 5, '2026년 1월 월말 소모량 출고
       통합 주문서 #ORD-2026-01-28-001', 2, '2026-01-28 16:00:00'),
       (4, 'OUT', 200, 850, 650, '2026년 1월 월말 소모량 출고
       통합 주문서 #ORD-2026-01-28-001', 2, '2026-01-28 16:00:00'),
       (5, 'OUT', 300, 1050, 750, '2026년 1월 월말 소모량 출고
       통합 주문서 #ORD-2026-01-28-001', 2, '2026-01-28 16:00:00'),
       (6, 'OUT', 100, 550, 450, '2026년 1월 월말 소모량 출고
       통합 주문서 #ORD-2026-01-28-001', 2, '2026-01-28 16:00:00'),
       (7, 'OUT', 50, 120, 70, '2026년 1월 월말 소모량 출고
       통합 주문서 #ORD-2026-01-28-001', 2, '2026-01-28 16:00:00'),
       (8, 'OUT', 10, 20, 10, '2026년 1월 월말 소모량 출고
       통합 주문서 #ORD-2026-01-28-001', 2, '2026-01-28 16:00:00'),
       (9, 'OUT', 15, 25, 10, '2026년 1월 월말 소모량 출고
       통합 주문서 #ORD-2026-01-28-001', 2, '2026-01-28 16:00:00'),
       (10, 'OUT', 500, 3000, 2500, '2026년 1월 월말 소모량 출고
       통합 주문서 #ORD-2026-01-28-001', 2, '2026-01-28 16:00:00'),
       (11, 'OUT', 100, 200, 100, '2026년 1월 월말 소모량 출고
       통합 주문서 #ORD-2026-01-28-001', 2, '2026-01-28 16:00:00'),
       (12, 'OUT', 40, 70, 30, '2026년 1월 월말 소모량 출고
       통합 주문서 #ORD-2026-01-28-001', 2, '2026-01-28 16:00:00'),
       (1, 'ADJUSTMENT', 0, 65, 65, '2026년 1월 월말 실사 조정
       통합 실사서 #AUDIT-2026-01-30-001', 12, '2026-01-30 16:00:00'),
       (2, 'ADJUSTMENT', 0, 45, 45, '2026년 1월 월말 실사 조정
       통합 실사서 #AUDIT-2026-01-30-001', 12, '2026-01-30 16:00:00'),
       (3, 'ADJUSTMENT', 0, 5, 5, '2026년 1월 월말 실사 조정
       통합 실사서 #AUDIT-2026-01-30-001', 12, '2026-01-30 16:00:00'),
       (4, 'ADJUSTMENT', 0, 650, 650, '2026년 1월 월말 실사 조정
       통합 실사서 #AUDIT-2026-01-30-001', 12, '2026-01-30 16:00:00'),
       (5, 'ADJUSTMENT', 0, 750, 750, '2026년 1월 월말 실사 조정
       통합 실사서 #AUDIT-2026-01-30-001', 12, '2026-01-30 16:00:00'),
       (6, 'ADJUSTMENT', 0, 450, 450, '2026년 1월 월말 실사 조정
       통합 실사서 #AUDIT-2026-01-30-001', 12, '2026-01-30 16:00:00'),
       (7, 'ADJUSTMENT', 0, 70, 70, '2026년 1월 월말 실사 조정
       통합 실사서 #AUDIT-2026-01-30-001', 12, '2026-01-30 16:00:00'),
       (8, 'ADJUSTMENT', 0, 10, 10, '2026년 1월 월말 실사 조정
       통합 실사서 #AUDIT-2026-01-30-001', 12, '2026-01-30 16:00:00'),
       (9, 'ADJUSTMENT', 0, 10, 10, '2026년 1월 월말 실사 조정
       통합 실사서 #AUDIT-2026-01-30-001', 12, '2026-01-30 16:00:00'),
       (10, 'ADJUSTMENT', 0, 2500, 2500, '2026년 1월 월말 실사 조정
       통합 실사서 #AUDIT-2026-01-30-001', 12, '2026-01-30 16:00:00'),
       (11, 'ADJUSTMENT', 0, 100, 100, '2026년 1월 월말 실사 조정
       통합 실사서 #AUDIT-2026-01-30-001', 12, '2026-01-30 16:00:00'),
       (12, 'ADJUSTMENT', 0, 30, 30, '2026년 1월 월말 실사 조정
       통합 실사서 #AUDIT-2026-01-30-001', 12, '2026-01-30 16:00:00'),
       (1, 'UPDATE', 0, 65, 65, '품목 정보 수정
       공급사 정보 및 규격 업데이트
       통합 수정서 #UPDATE-2026-01-30-001', 1, '2026-01-30 16:10:00'),
       (2, 'UPDATE', 0, 45, 45, '품목 정보 수
       공급사 정보 및 규격 업데이트
       통합 수정서 #UPDATE-2026-01-30-001', 1, '2026-01-30 16:10:00'),
       (3, 'UPDATE', 0, 5, 5, '품목 정보 수정
       공급사 정보 및 규격 업데이트
       통합 수정서 #UPDATE-2026-01-30-001', 1, '2026-01-30 16:10:00'),
       (4, 'UPDATE', 0, 650, 650, '품목 정보 수정
       공급사 정보 및 규격 업데이트
       통합 수정서 #UPDATE-2026-01-30-001', 1, '2026-01-30 16:10:00'),
       (5, 'UPDATE', 0, 750, 750, '품목 정보 수정
       공급사 정보 및 규격 업데이트
       통합 수정서 #UPDATE-2026-01-30-001', 1, '2026-01-30 16:10:00'),
       (6, 'UPDATE', 0, 450, 450, '품목 정보 수정
       공급사 정보 및 규격 업데이트
       통합 수정서 #UPDATE-2026-01-30-001', 1, '2026-01-30 16:10:00'),
       (7, 'UPDATE', 0, 70, 70, '품목 정보 수정
       공급사 정보 및 규격 업데이트
       통합 수정서 #UPDATE-2026-01-30-001', 1, '2026-01-30 16:10:00'),
       (8, 'UPDATE', 0, 10, 10, '품목 정보 수정
       공급사 정보 및 규격 업데이트
       통합 수정서 #UPDATE-2026-01-30-001', 1, '2026-01-30 16:10:00'),
       (9, 'UPDATE', 0, 10, 10, '품목 정보 수정
       공급사 정보 및 규격 업데이트
       통합 수정서 #UPDATE-2026-01-30-001', 1, '2026-01-30 16:10:00'),
       (10, 'UPDATE', 0, 2500, 2500, '품목 정보 수정
       공급사 정보 및 규격 업데이트
       통합 수정서 #UPDATE-2026-01-30-001', 1, '2026-01-30 16:10:00'),
       (11, 'UPDATE', 0, 100, 100, '품목 정보 수정
       공급사 정보 및 규격 업데이트
       통합 수정서 #UPDATE-2026-01-30-001', 1, '2026-01-30 16:10:00'),
       (12, 'UPDATE', 0, 30, 30, '품목 정보 수정
       공급사 정보 및 규격 업데이트
       통합 수정서 #UPDATE-2026-01-30-001', 1, '2026-01-30 16:10:00');

INSERT INTO customer_tb (name, birth, phone, grade, memo, is_active, created_at, updated_at, created_by, updated_by)
VALUES 
    ('차은우', '1995-03-15', '010-1111-1111', 'NEW', '신규 고객입니다.', true, '2025-12-01 10:00:00', '2025-12-03 14:20:00', 2, 5),
    ('김근호', '1990-07-22', '010-1111-1112', 'NEW', '첫 방문 고객입니다.', true, '2025-12-05 14:30:00', '2025-12-07 11:15:00', 3, 7),
    ('김태양', '1993-06-09', '010-2222-2222', 'REGULAR', '일반 고객입니다.', true, '2025-10-15 09:00:00', '2025-10-18 16:30:00', 4, 6),
    ('권지애', '1993-07-06', '010-4007-8541', 'REGULAR', '단골 고객입니다.', true, '2025-09-20 11:20:00', '2025-09-22 13:45:00', 5, 8),
    ('정은혜', '1997-11-14', '010-7238-3157', 'VIP', 'VIP 고객입니다.', true, '2025-06-10 15:00:00', '2025-06-12 10:25:00', 6, 9),
    ('김향미', '1988-09-25', '010-3333-3334', 'VIP', '프리미엄 고객입니다.', true, '2025-05-15 16:30:00', '2025-05-17 14:10:00', 7, 10);

INSERT INTO order_tb (customer_id, status, total_price, order_date, memo, editor_id, is_pending, created_at, updated_at)
VALUES (1, 'COMPLETED', 5500, '2025-12-10', '신규 고객 첫 주문', 4, false, '2025-12-10 10:00:00', '2025-12-12 15:00:00'),
       (1, 'RECEIVED', 8000, '2026-01-14', '오늘 주문', 5, true, '2026-01-14 09:30:00', '2026-01-14 09:30:00');

INSERT INTO order_item_tb (order_id, laundry_item_id, quantity, created_at, updated_at)
VALUES (1, 2, 1, '2025-12-10 10:00:00', '2025-12-10 10:00:00'),
       (1, 14, 1, '2025-12-10 10:00:00', '2025-12-10 10:00:00'),
       (2, 8, 1, '2026-01-14 09:30:00', '2026-01-14 09:30:00');

INSERT INTO order_item_option_tb (laundry_option_id, order_item_id, created_at, updated_at)
VALUES (2, 1, '2025-12-10 10:00:00', '2025-12-10 10:00:00');

INSERT INTO payment_tb (order_id, imp_uid, merchant_uid, amount, payment_status, created_at, updated_at)
VALUES (1, 'imp_001', 'merchant_001', 5500, 'PAID', '2025-12-10 10:05:00', '2025-12-10 10:15:00');

INSERT INTO order_status_history_tb (order_id, status, editor_id, created_at)
VALUES (1, 'RECEIVED', 4, '2025-12-10 10:00:00'),
       (1, 'WASHING', 6, '2025-12-10 14:00:00'),
       (1, 'DRYING', 8, '2025-12-11 10:00:00'),
       (1, 'COMPLETED', 4, '2025-12-12 15:00:00'),
       (2, 'RECEIVED', 5, '2026-01-14 09:30:00');

INSERT INTO order_tb (customer_id, status, total_price, order_date, memo, editor_id, is_pending, created_at, updated_at)
VALUES (2, 'CANCELLED', 4500, '2025-12-20', '취소된 주문', 7, true, '2025-12-20 11:00:00', '2025-12-20 12:00:00');

INSERT INTO order_item_tb (order_id, laundry_item_id, quantity, created_at, updated_at)
VALUES (3, 6, 1, '2025-12-20 11:00:00', '2025-12-20 11:00:00');

INSERT INTO order_status_history_tb (order_id, status, editor_id, created_at)
VALUES (3, 'RECEIVED', 7, '2025-12-20 11:00:00'),
       (3, 'CANCELLED', 9, '2025-12-20 12:00:00');

INSERT INTO order_tb (customer_id, status, total_price, order_date, memo, editor_id, is_pending, created_at, updated_at)
VALUES (3, 'COMPLETED', 15500, '2025-10-20', '일반 주문', 6, false, '2025-10-20 10:00:00', '2025-10-22 16:00:00'),
       (3, 'COMPLETED', 19000, '2025-11-15', '추가 주문', 8, false, '2025-11-15 14:00:00', '2025-11-17 15:00:00'),
       (3, 'WASHING', 16000, '2025-12-25', '진행중 주문', 4, false, '2025-12-25 09:00:00', '2025-12-26 10:00:00'),
       (3, 'RECEIVED', 12500, '2026-01-14', '오늘 주문', 5, false, '2026-01-14 10:00:00', '2026-01-14 10:00:00');

INSERT INTO order_item_tb (order_id, laundry_item_id, quantity, created_at, updated_at)
VALUES (4, 1, 2, '2025-10-20 10:00:00', '2025-10-20 10:00:00'),
       (4, 5, 1, '2025-10-20 10:00:00', '2025-10-20 10:00:00'),
       (4, 14, 1, '2025-10-20 10:00:00', '2025-10-20 10:00:00'),
       (5, 8, 1, '2025-11-15 14:00:00', '2025-11-15 14:00:00'),
       (5, 9, 1, '2025-11-15 14:00:00', '2025-11-15 14:00:00'),
       (5, 15, 1, '2025-11-15 14:00:00', '2025-11-15 14:00:00'),
       (6, 4, 1, '2025-12-25 09:00:00', '2025-12-25 09:00:00'),
       (6, 7, 1, '2025-12-25 09:00:00', '2025-12-25 09:00:00'),
       (6, 2, 1, '2025-12-25 09:00:00', '2025-12-25 09:00:00'),
       (7, 10, 1, '2026-01-14 10:00:00', '2026-01-14 10:00:00'),
       (7, 2, 1, '2026-01-14 10:00:00', '2026-01-14 10:00:00');

INSERT INTO order_item_option_tb (laundry_option_id, order_item_id, created_at, updated_at)
VALUES (7, 6, '2025-10-20 10:00:00', '2025-10-20 10:00:00'),
       (8, 8, '2025-11-15 14:00:00', '2025-11-15 14:00:00'),
       (3, 11, '2025-12-25 09:00:00', '2025-12-25 09:00:00');

INSERT INTO payment_tb (order_id, imp_uid, merchant_uid, amount, payment_status, created_at, updated_at)
VALUES (4, 'imp_002', 'merchant_002', 15500, 'PAID', '2025-10-20 10:05:00', '2025-10-20 10:20:00'),
       (5, 'imp_003', 'merchant_003', 19000, 'PAID', '2025-11-15 14:05:00', '2025-11-15 14:18:00'),
       (6, 'imp_004', 'merchant_004', 16000, 'PAID', '2025-12-25 09:05:00', '2025-12-25 09:22:00'),
       (7, 'imp_005', 'merchant_005', 12500, 'PAID', '2026-01-14 10:05:00', '2026-01-14 10:15:00');

INSERT INTO order_status_history_tb (order_id, status, editor_id, created_at)
VALUES (4, 'RECEIVED', 6, '2025-10-20 10:00:00'),
       (4, 'WASHING', 8, '2025-10-20 14:00:00'),
       (4, 'DRYING', 10, '2025-10-21 10:00:00'),
       (4, 'COMPLETED', 6, '2025-10-22 16:00:00'),
       (5, 'RECEIVED', 8, '2025-11-15 14:00:00'),
       (5, 'WASHING', 4, '2025-11-15 16:00:00'),
       (5, 'DRYING', 6, '2025-11-16 10:00:00'),
       (5, 'COMPLETED', 8, '2025-11-17 15:00:00'),
       (6, 'RECEIVED', 4, '2025-12-25 09:00:00'),
       (6, 'WASHING', 7, '2025-12-26 10:00:00'),
       (7, 'RECEIVED', 5, '2026-01-14 10:00:00');

INSERT INTO order_tb (customer_id, status, total_price, order_date, memo, editor_id, is_pending, created_at, updated_at)
VALUES (4, 'COMPLETED', 8000, '2025-09-25', '첫 주문', 9, false, '2025-09-25 11:00:00', '2025-09-27 14:00:00'),
       (4, 'COMPLETED', 15500, '2025-10-30', '두번째 주문', 7, false, '2025-10-30 13:00:00', '2025-11-01 16:00:00'),
       (4, 'CANCELLED', 20000, '2025-11-20', '환불된 주문', 5, true, '2025-11-20 10:00:00', '2025-11-20 15:00:00'),
       (4, 'COMPLETED', 11000, '2025-12-10', '재주문', 6, false, '2025-12-10 15:00:00', '2025-12-12 17:00:00'),
       (4, 'DRYING', 18500, '2026-01-14', '오늘 주문', 8, false, '2026-01-14 11:00:00', '2026-01-14 14:00:00');

INSERT INTO order_item_tb (order_id, laundry_item_id, quantity, created_at, updated_at)
VALUES (8, 8, 1, '2025-09-25 11:00:00', '2025-09-25 11:00:00'),
       (9, 11, 1, '2025-10-30 13:00:00', '2025-10-30 13:00:00'),
       (9, 2, 1, '2025-10-30 13:00:00', '2025-10-30 13:00:00'),
       (10, 16, 1, '2025-11-20 10:00:00', '2025-11-20 10:00:00'),
       (11, 4, 1, '2025-12-10 15:00:00', '2025-12-10 15:00:00'),
       (11, 5, 1, '2025-12-10 15:00:00', '2025-12-10 15:00:00'),
       (12, 10, 1, '2026-01-14 11:00:00', '2026-01-14 11:00:00'),
       (12, 1, 1, '2026-01-14 11:00:00', '2026-01-14 11:00:00'),
       (12, 14, 1, '2026-01-14 11:00:00', '2026-01-14 11:00:00');

INSERT INTO order_item_option_tb (laundry_option_id, order_item_id, created_at, updated_at)
VALUES (2, 17, '2025-10-30 13:00:00', '2025-10-30 13:00:00'),
       (8, 19, '2025-12-10 15:00:00', '2025-12-10 15:00:00'),
       (7, 20, '2026-01-14 11:00:00', '2026-01-14 11:00:00');

INSERT INTO payment_tb (order_id, imp_uid, merchant_uid, amount, payment_status, created_at, updated_at)
VALUES (8, 'imp_006', 'merchant_006', 8000, 'PAID', '2025-09-25 11:05:00', '2025-09-25 11:18:00'),
       (9, 'imp_007', 'merchant_007', 15500, 'PAID', '2025-10-30 13:05:00', '2025-10-30 13:22:00'),
       (10, 'imp_008', 'merchant_008', 20000, 'REFUND', '2025-11-20 10:05:00', '2025-11-20 15:00:00'),
       (11, 'imp_009', 'merchant_009', 11000, 'PAID', '2025-12-10 15:05:00', '2025-12-10 15:20:00'),
       (12, 'imp_010', 'merchant_010', 18500, 'PAID', '2026-01-14 11:05:00', '2026-01-14 11:25:00');

INSERT INTO order_status_history_tb (order_id, status, editor_id, created_at)
VALUES (8, 'RECEIVED', 9, '2025-09-25 11:00:00'),
       (8, 'WASHING', 5, '2025-09-25 15:00:00'),
       (8, 'DRYING', 7, '2025-09-26 10:00:00'),
       (8, 'COMPLETED', 9, '2025-09-27 14:00:00'),
       (9, 'RECEIVED', 7, '2025-10-30 13:00:00'),
       (9, 'WASHING', 9, '2025-10-30 16:00:00'),
       (9, 'DRYING', 5, '2025-10-31 10:00:00'),
       (9, 'COMPLETED', 7, '2025-11-01 16:00:00'),
       (10, 'RECEIVED', 5, '2025-11-20 10:00:00'),
       (10, 'CANCELLED', 10, '2025-11-20 15:00:00'),
       (11, 'RECEIVED', 6, '2025-12-10 15:00:00'),
       (11, 'WASHING', 8, '2025-12-10 17:00:00'),
       (11, 'DRYING', 4, '2025-12-11 10:00:00'),
       (11, 'COMPLETED', 6, '2025-12-12 17:00:00'),
       (12, 'RECEIVED', 8, '2026-01-14 11:00:00'),
       (12, 'WASHING', 6, '2026-01-14 12:00:00'),
       (12, 'DRYING', 8, '2026-01-14 14:00:00');

INSERT INTO order_tb (customer_id, status, total_price, order_date, memo, editor_id, is_pending, created_at, updated_at)
VALUES (5, 'COMPLETED', 30000, '2025-06-15', 'VIP 첫 주문', 10, false, '2025-06-15 10:00:00', '2025-06-17 16:00:00'),
       (5, 'COMPLETED', 38000, '2025-07-20', 'VIP 두번째', 4, false, '2025-07-20 11:00:00', '2025-07-22 15:00:00'),
       (5, 'COMPLETED', 17000, '2025-08-25', 'VIP 세번째', 6, false, '2025-08-25 14:00:00', '2025-08-27 17:00:00'),
       (5, 'COMPLETED', 34000, '2025-09-30', 'VIP 네번째', 8, false, '2025-09-30 09:00:00', '2025-10-02 16:00:00'),
       (5, 'COMPLETED', 22000, '2025-11-05', 'VIP 다섯번째', 5, false, '2025-11-05 13:00:00', '2025-11-07 15:00:00'),
       (5, 'COMPLETED', 40500, '2025-12-15', 'VIP 여섯번째', 7, false, '2025-12-15 10:00:00', '2025-12-17 16:00:00'),
       (5, 'WASHING', 30000, '2026-01-10', 'VIP 일곱번째', 9, false, '2026-01-10 11:00:00', '2026-01-11 10:00:00'),
       (5, 'RECEIVED', 36500, '2026-01-14', '오늘 주문', 4, false, '2026-01-14 12:00:00', '2026-01-14 12:00:00');

INSERT INTO order_item_tb (order_id, laundry_item_id, quantity, created_at, updated_at)
VALUES (13, 10, 1, '2025-06-15 10:00:00', '2025-06-15 10:00:00'),
       (13, 8, 1, '2025-06-15 10:00:00', '2025-06-15 10:00:00'),
       (13, 9, 1, '2025-06-15 10:00:00', '2025-06-15 10:00:00'),
       (14, 11, 1, '2025-07-20 11:00:00', '2025-07-20 11:00:00'),
       (14, 10, 1, '2025-07-20 11:00:00', '2025-07-20 11:00:00'),
       (14, 8, 1, '2025-07-20 11:00:00', '2025-07-20 11:00:00'),
       (15, 8, 1, '2025-08-25 14:00:00', '2025-08-25 14:00:00'),
       (15, 9, 1, '2025-08-25 14:00:00', '2025-08-25 14:00:00'),
       (15, 1, 1, '2025-08-25 14:00:00', '2025-08-25 14:00:00'),
       (16, 16, 1, '2025-09-30 09:00:00', '2025-09-30 09:00:00'),
       (16, 8, 1, '2025-09-30 09:00:00', '2025-09-30 09:00:00'),
       (17, 11, 1, '2025-11-05 13:00:00', '2025-11-05 13:00:00'),
       (17, 10, 1, '2025-11-05 13:00:00', '2025-11-05 13:00:00'),
       (18, 16, 1, '2025-12-15 10:00:00', '2025-12-15 10:00:00'),
       (18, 11, 1, '2025-12-15 10:00:00', '2025-12-15 10:00:00'),
       (18, 2, 1, '2025-12-15 10:00:00', '2025-12-15 10:00:00'),
       (19, 10, 1, '2026-01-10 11:00:00', '2026-01-10 11:00:00'),
       (19, 8, 1, '2026-01-10 11:00:00', '2026-01-10 11:00:00'),
       (19, 9, 1, '2026-01-10 11:00:00', '2026-01-10 11:00:00'),
       (20, 16, 1, '2026-01-14 12:00:00', '2026-01-14 12:00:00'),
       (20, 8, 1, '2026-01-14 12:00:00', '2026-01-14 12:00:00'),
       (20, 2, 1, '2026-01-14 12:00:00', '2026-01-14 12:00:00');

INSERT INTO order_item_option_tb (laundry_option_id, order_item_id, created_at, updated_at)
VALUES (3, 21, '2025-06-15 10:00:00', '2025-06-15 10:00:00'),
       (10, 24, '2025-07-20 11:00:00', '2025-07-20 11:00:00'),
       (3, 30, '2025-09-30 09:00:00', '2025-09-30 09:00:00'),
       (3, 33, '2025-12-15 10:00:00', '2025-12-15 10:00:00'),
       (3, 36, '2026-01-10 11:00:00', '2026-01-10 11:00:00'),
       (3, 39, '2026-01-14 12:00:00', '2026-01-14 12:00:00');

INSERT INTO payment_tb (order_id, imp_uid, merchant_uid, amount, payment_status, created_at, updated_at)
VALUES (13, 'imp_011', 'merchant_011', 30000, 'PAID', '2025-06-15 10:05:00', '2025-06-15 10:28:00'),
       (14, 'imp_012', 'merchant_012', 38000, 'PAID', '2025-07-20 11:05:00', '2025-07-20 11:32:00'),
       (15, 'imp_013', 'merchant_013', 17000, 'PAID', '2025-08-25 14:05:00', '2025-08-25 14:19:00'),
       (16, 'imp_014', 'merchant_014', 34000, 'PAID', '2025-09-30 09:05:00', '2025-09-30 09:24:00'),
       (17, 'imp_015', 'merchant_015', 22000, 'PAID', '2025-11-05 13:05:00', '2025-11-05 13:27:00'),
       (18, 'imp_016', 'merchant_016', 40500, 'PAID', '2025-12-15 10:05:00', '2025-12-15 10:35:00'),
       (19, 'imp_017', 'merchant_017', 30000, 'PAID', '2026-01-10 11:05:00', '2026-01-10 11:21:00'),
       (20, 'imp_018', 'merchant_018', 36500, 'PAID', '2026-01-14 12:05:00', '2026-01-14 12:18:00');

INSERT INTO order_status_history_tb (order_id, status, editor_id, created_at)
VALUES (13, 'RECEIVED', 10, '2025-06-15 10:00:00'),
       (13, 'WASHING', 6, '2025-06-15 14:00:00'),
       (13, 'DRYING', 8, '2025-06-16 10:00:00'),
       (13, 'COMPLETED', 10, '2025-06-17 16:00:00'),
       (14, 'RECEIVED', 4, '2025-07-20 11:00:00'),
       (14, 'WASHING', 7, '2025-07-20 15:00:00'),
       (14, 'DRYING', 5, '2025-07-21 10:00:00'),
       (14, 'COMPLETED', 4, '2025-07-22 15:00:00'),
       (15, 'RECEIVED', 6, '2025-08-25 14:00:00'),
       (15, 'WASHING', 9, '2025-08-25 16:00:00'),
       (15, 'DRYING', 7, '2025-08-26 10:00:00'),
       (15, 'COMPLETED', 6, '2025-08-27 17:00:00'),
       (16, 'RECEIVED', 8, '2025-09-30 09:00:00'),
       (16, 'WASHING', 10, '2025-09-30 13:00:00'),
       (16, 'DRYING', 4, '2025-10-01 10:00:00'),
       (16, 'COMPLETED', 8, '2025-10-02 16:00:00'),
       (17, 'RECEIVED', 5, '2025-11-05 13:00:00'),
       (17, 'WASHING', 6, '2025-11-05 15:00:00'),
       (17, 'DRYING', 8, '2025-11-06 10:00:00'),
       (17, 'COMPLETED', 5, '2025-11-07 15:00:00'),
       (18, 'RECEIVED', 7, '2025-12-15 10:00:00'),
       (18, 'WASHING', 9, '2025-12-15 14:00:00'),
       (18, 'DRYING', 5, '2025-12-16 10:00:00'),
       (18, 'COMPLETED', 7, '2025-12-17 16:00:00'),
       (19, 'RECEIVED', 9, '2026-01-10 11:00:00'),
       (19, 'WASHING', 4, '2026-01-11 10:00:00'),
       (20, 'RECEIVED', 4, '2026-01-14 12:00:00');

INSERT INTO order_tb (customer_id, status, total_price, order_date, memo, editor_id, is_pending, created_at, updated_at)
VALUES (6, 'COMPLETED', 36000, '2025-05-20', 'VIP 첫 주문', 5, false, '2025-05-20 10:00:00', '2025-05-22 16:00:00'),
       (6, 'COMPLETED', 38000, '2025-07-10', 'VIP 두번째', 7, false, '2025-07-10 11:00:00', '2025-07-12 15:00:00'),
       (6, 'CANCELLED', 38000, '2025-08-15', '환불된 주문', 9, true, '2025-08-15 14:00:00', '2025-08-15 16:00:00'),
       (6, 'COMPLETED', 30000, '2025-09-20', 'VIP 네번째', 6, false, '2025-09-20 09:00:00', '2025-09-22 17:00:00'),
       (6, 'COMPLETED', 44000, '2025-11-10', 'VIP 다섯번째', 8, false, '2025-11-10 13:00:00', '2025-11-12 16:00:00'),
       (6, 'WASHING', 34000, '2026-01-08', 'VIP 여섯번째', 4, false, '2026-01-08 10:00:00', '2026-01-09 11:00:00'),
       (6, 'RECEIVED', 38500, '2026-01-14', '오늘 주문', 10, false, '2026-01-14 13:00:00', '2026-01-14 13:00:00');

INSERT INTO order_item_tb (order_id, laundry_item_id, quantity, created_at, updated_at)
VALUES (21, 16, 1, '2025-05-20 10:00:00', '2025-05-20 10:00:00'),
       (21, 10, 1, '2025-05-20 10:00:00', '2025-05-20 10:00:00'),
       (22, 11, 1, '2025-07-10 11:00:00', '2025-07-10 11:00:00'),
       (22, 10, 1, '2025-07-10 11:00:00', '2025-07-10 11:00:00'),
       (22, 8, 1, '2025-07-10 11:00:00', '2025-07-10 11:00:00'),
       (23, 16, 1, '2025-08-15 14:00:00', '2025-08-15 14:00:00'),
       (23, 11, 1, '2025-08-15 14:00:00', '2025-08-15 14:00:00'),
       (24, 10, 1, '2025-09-20 09:00:00', '2025-09-20 09:00:00'),
       (24, 8, 1, '2025-09-20 09:00:00', '2025-09-20 09:00:00'),
       (24, 9, 1, '2025-09-20 09:00:00', '2025-09-20 09:00:00'),
       (25, 16, 1, '2025-11-10 13:00:00', '2025-11-10 13:00:00'),
       (25, 10, 1, '2025-11-10 13:00:00', '2025-11-10 13:00:00'),
       (25, 8, 1, '2025-11-10 13:00:00', '2025-11-10 13:00:00'),
       (26, 11, 1, '2026-01-08 10:00:00', '2026-01-08 10:00:00'),
       (26, 10, 1, '2026-01-08 10:00:00', '2026-01-08 10:00:00'),
       (26, 9, 1, '2026-01-08 10:00:00', '2026-01-08 10:00:00'),
       (27, 16, 1, '2026-01-14 13:00:00', '2026-01-14 13:00:00'),
       (27, 10, 1, '2026-01-14 13:00:00', '2026-01-14 13:00:00'),
       (27, 2, 1, '2026-01-14 13:00:00', '2026-01-14 13:00:00');

INSERT INTO order_item_option_tb (laundry_option_id, order_item_id, created_at, updated_at)
VALUES (3, 42, '2025-05-20 10:00:00', '2025-05-20 10:00:00'),
       (10, 45, '2025-07-10 11:00:00', '2025-07-10 11:00:00'),
       (3, 48, '2025-08-15 14:00:00', '2025-08-15 14:00:00'),
       (3, 51, '2025-09-20 09:00:00', '2025-09-20 09:00:00'),
       (3, 54, '2025-11-10 13:00:00', '2025-11-10 13:00:00'),
       (3, 57, '2026-01-08 10:00:00', '2026-01-08 10:00:00'),
       (3, 60, '2026-01-14 13:00:00', '2026-01-14 13:00:00');

INSERT INTO payment_tb (order_id, imp_uid, merchant_uid, amount, payment_status, created_at, updated_at)
VALUES (21, 'imp_019', 'merchant_019', 36000, 'PAID', '2025-05-20 10:05:00', '2025-05-20 10:26:00'),
       (22, 'imp_020', 'merchant_020', 38000, 'PAID', '2025-07-10 11:05:00', '2025-07-10 11:31:00'),
       (23, 'imp_021', 'merchant_021', 38000, 'REFUND', '2025-08-15 14:05:00', '2025-08-15 16:00:00'),
       (24, 'imp_022', 'merchant_022', 30000, 'PAID', '2025-09-20 09:05:00', '2025-09-20 09:29:00'),
       (25, 'imp_023', 'merchant_023', 44000, 'PAID', '2025-11-10 13:05:00', '2025-11-10 13:33:00'),
       (26, 'imp_024', 'merchant_024', 34000, 'PAID', '2026-01-08 10:05:00', '2026-01-08 10:17:00'),
       (27, 'imp_025', 'merchant_025', 38500, 'PAID', '2026-01-14 13:05:00', '2026-01-14 13:23:00');

INSERT INTO refund_tb (payment_id, reason, status, created_at, updated_at)
VALUES (8, '고객 요청으로 인한 환불', 1, '2025-11-20 14:00:00', '2025-11-20 15:00:00'),
       (21, '고객 변심으로 인한 환불', 1, '2025-08-15 15:00:00', '2025-08-15 16:00:00');

INSERT INTO order_status_history_tb (order_id, status, editor_id, created_at)
VALUES (21, 'RECEIVED', 5, '2025-05-20 10:00:00'),
       (21, 'WASHING', 7, '2025-05-20 14:00:00'),
       (21, 'DRYING', 9, '2025-05-21 10:00:00'),
       (21, 'COMPLETED', 5, '2025-05-22 16:00:00'),
       (22, 'RECEIVED', 7, '2025-07-10 11:00:00'),
       (22, 'WASHING', 5, '2025-07-10 15:00:00'),
       (22, 'DRYING', 8, '2025-07-11 10:00:00'),
       (22, 'COMPLETED', 7, '2025-07-12 15:00:00'),
       (23, 'RECEIVED', 9, '2025-08-15 14:00:00'),
       (23, 'CANCELLED', 10, '2025-08-15 16:00:00'),
       (24, 'RECEIVED', 6, '2025-09-20 09:00:00'),
       (24, 'WASHING', 4, '2025-09-20 13:00:00'),
       (24, 'DRYING', 6, '2025-09-21 10:00:00'),
       (24, 'COMPLETED', 6, '2025-09-22 17:00:00'),
       (25, 'RECEIVED', 8, '2025-11-10 13:00:00'),
       (25, 'WASHING', 10, '2025-11-10 15:00:00'),
       (25, 'DRYING', 7, '2025-11-11 10:00:00'),
       (25, 'COMPLETED', 8, '2025-11-12 16:00:00'),
       (26, 'RECEIVED', 4, '2026-01-08 10:00:00'),
       (26, 'WASHING', 6, '2026-01-09 11:00:00'),
       (27, 'RECEIVED', 10, '2026-01-14 13:00:00');

INSERT INTO order_tb (customer_id, status, total_price, order_date, memo, editor_id, is_pending, created_at, updated_at)
VALUES (3, 'COMPLETED', 12000, '2025-08-15', '여름 주문', 7, false, '2025-08-15 10:00:00', '2025-08-17 15:00:00'),
       (3, 'COMPLETED', 13500, '2025-09-05', '가을 주문', 9, false, '2025-09-05 11:00:00', '2025-09-07 16:00:00'),
       (3, 'COMPLETED', 13000, '2025-09-20', '추가 주문', 5, false, '2025-09-20 14:00:00', '2025-09-22 17:00:00'),
       (3, 'COMPLETED', 13000, '2025-11-01', '겨울 준비', 8, false, '2025-11-01 09:00:00', '2025-11-03 15:00:00'),
       (3, 'COMPLETED', 11500, '2025-11-20', '정기 주문', 6, false, '2025-11-20 13:00:00', '2025-11-22 16:00:00'),
       (3, 'DRYING', 16000, '2026-01-12', '신년 주문', 4, false, '2026-01-12 10:00:00', '2026-01-13 14:00:00');

INSERT INTO order_item_tb (order_id, laundry_item_id, quantity, created_at, updated_at)
VALUES (28, 2, 2, '2025-08-15 10:00:00', '2025-08-15 10:00:00'),
       (28, 14, 1, '2025-08-15 10:00:00', '2025-08-15 10:00:00'),
       (28, 15, 1, '2025-08-15 10:00:00', '2025-08-15 10:00:00'),
       (29, 1, 2, '2025-09-05 11:00:00', '2025-09-05 11:00:00'),
       (29, 5, 1, '2025-09-05 11:00:00', '2025-09-05 11:00:00'),
       (30, 4, 1, '2025-09-20 14:00:00', '2025-09-20 14:00:00'),
       (30, 7, 1, '2025-09-20 14:00:00', '2025-09-20 14:00:00'),
       (30, 2, 1, '2025-09-20 14:00:00', '2025-09-20 14:00:00'),
       (31, 9, 1, '2025-11-01 09:00:00', '2025-11-01 09:00:00'),
       (31, 1, 2, '2025-11-01 09:00:00', '2025-11-01 09:00:00'),
       (32, 5, 1, '2025-11-20 13:00:00', '2025-11-20 13:00:00'),
       (32, 6, 1, '2025-11-20 13:00:00', '2025-11-20 13:00:00'),
       (33, 8, 1, '2026-01-12 10:00:00', '2026-01-12 10:00:00'),
       (33, 2, 1, '2026-01-12 10:00:00', '2026-01-12 10:00:00'),
       (33, 14, 1, '2026-01-12 10:00:00', '2026-01-12 10:00:00');

INSERT INTO order_item_option_tb (laundry_option_id, order_item_id, created_at, updated_at)
VALUES (2, 65, '2025-08-15 10:00:00', '2025-08-15 10:00:00'),
       (9, 66, '2025-08-15 10:00:00', '2025-08-15 10:00:00'),
       (7, 68, '2025-09-05 11:00:00', '2025-09-05 11:00:00'),
       (8, 71, '2025-09-20 14:00:00', '2025-09-20 14:00:00'),
       (2, 74, '2025-11-01 09:00:00', '2025-11-01 09:00:00'),
       (8, 77, '2025-11-20 13:00:00', '2025-11-20 13:00:00'),
       (7, 79, '2026-01-12 10:00:00', '2026-01-12 10:00:00');

INSERT INTO payment_tb (order_id, imp_uid, merchant_uid, amount, payment_status, created_at, updated_at)
VALUES (28, 'imp_026', 'merchant_026', 12000, 'PAID', '2025-08-15 10:05:00', '2025-08-15 10:19:00'),
       (29, 'imp_027', 'merchant_027', 13500, 'PAID', '2025-09-05 11:05:00', '2025-09-05 11:24:00'),
       (30, 'imp_028', 'merchant_028', 13000, 'PAID', '2025-09-20 14:05:00', '2025-09-20 14:16:00'),
       (31, 'imp_029', 'merchant_029', 13000, 'PAID', '2025-11-01 09:05:00', '2025-11-01 09:28:00'),
       (32, 'imp_030', 'merchant_030', 11500, 'PAID', '2025-11-20 13:05:00', '2025-11-20 13:21:00'),
       (33, 'imp_031', 'merchant_031', 16000, 'PAID', '2026-01-12 10:05:00', '2026-01-12 10:30:00');

INSERT INTO order_status_history_tb (order_id, status, editor_id, created_at)
VALUES (28, 'RECEIVED', 7, '2025-08-15 10:00:00'),
       (28, 'WASHING', 9, '2025-08-15 14:00:00'),
       (28, 'DRYING', 5, '2025-08-16 10:00:00'),
       (28, 'COMPLETED', 7, '2025-08-17 15:00:00'),
       (29, 'RECEIVED', 9, '2025-09-05 11:00:00'),
       (29, 'WASHING', 7, '2025-09-05 15:00:00'),
       (29, 'DRYING', 10, '2025-09-06 10:00:00'),
       (29, 'COMPLETED', 9, '2025-09-07 16:00:00'),
       (30, 'RECEIVED', 5, '2025-09-20 14:00:00'),
       (30, 'WASHING', 8, '2025-09-20 16:00:00'),
       (30, 'DRYING', 6, '2025-09-21 10:00:00'),
       (30, 'COMPLETED', 5, '2025-09-22 17:00:00'),
       (31, 'RECEIVED', 8, '2025-11-01 09:00:00'),
       (31, 'WASHING', 4, '2025-11-01 13:00:00'),
       (31, 'DRYING', 7, '2025-11-02 10:00:00'),
       (31, 'COMPLETED', 8, '2025-11-03 15:00:00'),
       (32, 'RECEIVED', 6, '2025-11-20 13:00:00'),
       (32, 'WASHING', 8, '2025-11-20 15:00:00'),
       (32, 'DRYING', 10, '2025-11-21 10:00:00'),
       (32, 'COMPLETED', 6, '2025-11-22 16:00:00'),
       (33, 'RECEIVED', 4, '2026-01-12 10:00:00'),
       (33, 'WASHING', 6, '2026-01-12 14:00:00'),
       (33, 'DRYING', 4, '2026-01-13 14:00:00');

INSERT INTO order_tb (customer_id, status, total_price, order_date, memo, editor_id, is_pending, created_at, updated_at)
VALUES (4, 'COMPLETED', 10500, '2025-08-10', '여름 주문', 10, false, '2025-08-10 11:00:00', '2025-08-12 16:00:00'),
       (4, 'COMPLETED', 13500, '2025-08-28', '추가 주문', 4, false, '2025-08-28 14:00:00', '2025-08-30 17:00:00'),
       (4, 'COMPLETED', 11500, '2025-09-15', '가을 주문', 6, false, '2025-09-15 10:00:00', '2025-09-17 15:00:00'),
       (4, 'COMPLETED', 13000, '2025-10-10', '정기 주문', 8, false, '2025-10-10 13:00:00', '2025-10-12 16:00:00'),
       (4, 'WASHING', 16000, '2026-01-10', '신년 주문', 5, false, '2026-01-10 11:00:00', '2026-01-11 12:00:00');

INSERT INTO order_item_tb (order_id, laundry_item_id, quantity, created_at, updated_at)
VALUES (34, 3, 1, '2025-08-10 11:00:00', '2025-08-10 11:00:00'),
       (34, 7, 1, '2025-08-10 11:00:00', '2025-08-10 11:00:00'),
       (34, 2, 1, '2025-08-10 11:00:00', '2025-08-10 11:00:00'),
       (35, 1, 2, '2025-08-28 14:00:00', '2025-08-28 14:00:00'),
       (35, 5, 1, '2025-08-28 14:00:00', '2025-08-28 14:00:00'),
       (36, 4, 1, '2025-09-15 10:00:00', '2025-09-15 10:00:00'),
       (36, 6, 1, '2025-09-15 10:00:00', '2025-09-15 10:00:00'),
       (37, 9, 1, '2025-10-10 13:00:00', '2025-10-10 13:00:00'),
       (37, 1, 2, '2025-10-10 13:00:00', '2025-10-10 13:00:00'),
       (38, 8, 1, '2026-01-10 11:00:00', '2026-01-10 11:00:00'),
       (38, 2, 1, '2026-01-10 11:00:00', '2026-01-10 11:00:00'),
       (38, 14, 1, '2026-01-10 11:00:00', '2026-01-10 11:00:00');

INSERT INTO order_item_option_tb (laundry_option_id, order_item_id, created_at, updated_at)
VALUES (2, 80, '2025-08-10 11:00:00', '2025-08-10 11:00:00'),
       (7, 82, '2025-08-28 14:00:00', '2025-08-28 14:00:00'),
       (8, 84, '2025-09-15 10:00:00', '2025-09-15 10:00:00'),
       (2, 86, '2025-10-10 13:00:00', '2025-10-10 13:00:00'),
       (7, 89, '2026-01-10 11:00:00', '2026-01-10 11:00:00');

INSERT INTO payment_tb (order_id, imp_uid, merchant_uid, amount, payment_status, created_at, updated_at)
VALUES (34, 'imp_032', 'merchant_032', 10500, 'PAID', '2025-08-10 11:05:00', '2025-08-10 11:22:00'),
       (35, 'imp_033', 'merchant_033', 13500, 'PAID', '2025-08-28 14:05:00', '2025-08-28 14:31:00'),
       (36, 'imp_034', 'merchant_034', 11500, 'PAID', '2025-09-15 10:05:00', '2025-09-15 10:26:00'),
       (37, 'imp_035', 'merchant_035', 13000, 'PAID', '2025-10-10 13:05:00', '2025-10-10 13:19:00'),
       (38, 'imp_036', 'merchant_036', 16000, 'PAID', '2026-01-10 11:05:00', '2026-01-10 11:34:00');

INSERT INTO order_status_history_tb (order_id, status, editor_id, created_at)
VALUES (34, 'RECEIVED', 10, '2025-08-10 11:00:00'),
       (34, 'WASHING', 6, '2025-08-10 15:00:00'),
       (34, 'DRYING', 8, '2025-08-11 10:00:00'),
       (34, 'COMPLETED', 10, '2025-08-12 16:00:00'),
       (35, 'RECEIVED', 4, '2025-08-28 14:00:00'),
       (35, 'WASHING', 7, '2025-08-28 16:00:00'),
       (35, 'DRYING', 9, '2025-08-29 10:00:00'),
       (35, 'COMPLETED', 4, '2025-08-30 17:00:00'),
       (36, 'RECEIVED', 6, '2025-09-15 10:00:00'),
       (36, 'WASHING', 10, '2025-09-15 14:00:00'),
       (36, 'DRYING', 5, '2025-09-16 10:00:00'),
       (36, 'COMPLETED', 6, '2025-09-17 15:00:00'),
       (37, 'RECEIVED', 8, '2025-10-10 13:00:00'),
       (37, 'WASHING', 4, '2025-10-10 15:00:00'),
       (37, 'DRYING', 7, '2025-10-11 10:00:00'),
       (37, 'COMPLETED', 8, '2025-10-12 16:00:00'),
       (38, 'RECEIVED', 5, '2026-01-10 11:00:00'),
       (38, 'WASHING', 9, '2026-01-11 12:00:00');

INSERT INTO order_tb (customer_id, status, total_price, order_date, memo, editor_id, is_pending, created_at, updated_at)
VALUES (5, 'COMPLETED', 30000, '2025-05-10', 'VIP 초기 주문', 3, false, '2025-05-10 10:00:00', '2025-05-12 16:00:00'),
       (5, 'COMPLETED', 36000, '2025-06-25', 'VIP 추가 주문', 5, false, '2025-06-25 11:00:00', '2025-06-27 15:00:00'),
       (5, 'COMPLETED', 34000, '2025-07-05', 'VIP 정기 주문', 7, false, '2025-07-05 14:00:00', '2025-07-07 17:00:00'),
       (5, 'COMPLETED', 48000, '2025-08-10', 'VIP 대량 주문', 9, false, '2025-08-10 09:00:00', '2025-08-12 16:00:00'),
       (5, 'COMPLETED', 30000, '2025-10-15', 'VIP 가을 주문', 4, false, '2025-10-15 13:00:00', '2025-10-17 16:00:00'),
       (5, 'COMPLETED', 28000, '2025-11-20', 'VIP 겨울 준비', 6, false, '2025-11-20 10:00:00', '2025-11-22 15:00:00'),
       (5, 'WASHING', 44000, '2026-01-08', 'VIP 신년 주문', 8, false, '2026-01-08 11:00:00', '2026-01-09 10:00:00');

INSERT INTO order_item_tb (order_id, laundry_item_id, quantity, created_at, updated_at)
VALUES (39, 10, 1, '2025-05-10 10:00:00', '2025-05-10 10:00:00'),
       (39, 8, 1, '2025-05-10 10:00:00', '2025-05-10 10:00:00'),
       (39, 9, 1, '2025-05-10 10:00:00', '2025-05-10 10:00:00'),
       (40, 11, 1, '2025-06-25 11:00:00', '2025-06-25 11:00:00'),
       (40, 10, 1, '2025-06-25 11:00:00', '2025-06-25 11:00:00'),
       (40, 8, 1, '2025-06-25 11:00:00', '2025-06-25 11:00:00'),
       (41, 16, 1, '2025-07-05 14:00:00', '2025-07-05 14:00:00'),
       (41, 8, 1, '2025-07-05 14:00:00', '2025-07-05 14:00:00'),
       (42, 16, 1, '2025-08-10 09:00:00', '2025-08-10 09:00:00'),
       (42, 11, 1, '2025-08-10 09:00:00', '2025-08-10 09:00:00'),
       (42, 10, 1, '2025-08-10 09:00:00', '2025-08-10 09:00:00'),
       (43, 10, 1, '2025-10-15 13:00:00', '2025-10-15 13:00:00'),
       (43, 8, 1, '2025-10-15 13:00:00', '2025-10-15 13:00:00'),
       (43, 9, 1, '2025-10-15 13:00:00', '2025-10-15 13:00:00'),
       (44, 11, 1, '2025-11-20 10:00:00', '2025-11-20 10:00:00'),
       (44, 10, 1, '2025-11-20 10:00:00', '2025-11-20 10:00:00'),
       (45, 16, 1, '2026-01-08 11:00:00', '2026-01-08 11:00:00'),
       (45, 10, 1, '2026-01-08 11:00:00', '2026-01-08 11:00:00'),
       (45, 8, 1, '2026-01-08 11:00:00', '2026-01-08 11:00:00');

INSERT INTO order_item_option_tb (laundry_option_id, order_item_id, created_at, updated_at)
VALUES (3, 90, '2025-05-10 10:00:00', '2025-05-10 10:00:00'),
       (3, 93, '2025-06-25 11:00:00', '2025-06-25 11:00:00'),
       (3, 96, '2025-07-05 14:00:00', '2025-07-05 14:00:00'),
       (3, 99, '2025-08-10 09:00:00', '2025-08-10 09:00:00'),
       (3, 102, '2025-10-15 13:00:00', '2025-10-15 13:00:00'),
       (3, 105, '2025-11-20 10:00:00', '2025-11-20 10:00:00'),
       (3, 108, '2026-01-08 11:00:00', '2026-01-08 11:00:00');

INSERT INTO payment_tb (order_id, imp_uid, merchant_uid, amount, payment_status, created_at, updated_at)
VALUES (39, 'imp_037', 'merchant_037', 30000, 'PAID', '2025-05-10 10:05:00', '2025-05-10 10:27:00'),
       (40, 'imp_038', 'merchant_038', 36000, 'PAID', '2025-06-25 11:05:00', '2025-06-25 11:38:00'),
       (41, 'imp_039', 'merchant_039', 34000, 'PAID', '2025-07-05 14:05:00', '2025-07-05 14:16:00'),
       (42, 'imp_040', 'merchant_040', 48000, 'PAID', '2025-08-10 09:05:00', '2025-08-10 09:42:00'),
       (43, 'imp_041', 'merchant_041', 30000, 'PAID', '2025-10-15 13:05:00', '2025-10-15 13:29:00'),
       (44, 'imp_042', 'merchant_042', 28000, 'PAID', '2025-11-20 10:05:00', '2025-11-20 10:14:00'),
       (45, 'imp_043', 'merchant_043', 44000, 'PAID', '2026-01-08 11:05:00', '2026-01-08 11:36:00');

INSERT INTO order_status_history_tb (order_id, status, editor_id, created_at)
VALUES (39, 'RECEIVED', 3, '2025-05-10 10:00:00'),
       (39, 'WASHING', 5, '2025-05-10 14:00:00'),
       (39, 'DRYING', 7, '2025-05-11 10:00:00'),
       (39, 'COMPLETED', 3, '2025-05-12 16:00:00'),
       (40, 'RECEIVED', 5, '2025-06-25 11:00:00'),
       (40, 'WASHING', 9, '2025-06-25 15:00:00'),
       (40, 'DRYING', 4, '2025-06-26 10:00:00'),
       (40, 'COMPLETED', 5, '2025-06-27 15:00:00'),
       (41, 'RECEIVED', 7, '2025-07-05 14:00:00'),
       (41, 'WASHING', 10, '2025-07-05 16:00:00'),
       (41, 'DRYING', 6, '2025-07-06 10:00:00'),
       (41, 'COMPLETED', 7, '2025-07-07 17:00:00'),
       (42, 'RECEIVED', 9, '2025-08-10 09:00:00'),
       (42, 'WASHING', 3, '2025-08-10 13:00:00'),
       (42, 'DRYING', 8, '2025-08-11 10:00:00'),
       (42, 'COMPLETED', 9, '2025-08-12 16:00:00'),
       (43, 'RECEIVED', 4, '2025-10-15 13:00:00'),
       (43, 'WASHING', 6, '2025-10-15 15:00:00'),
       (43, 'DRYING', 10, '2025-10-16 10:00:00'),
       (43, 'COMPLETED', 4, '2025-10-17 16:00:00'),
       (44, 'RECEIVED', 6, '2025-11-20 10:00:00'),
       (44, 'WASHING', 8, '2025-11-20 14:00:00'),
       (44, 'DRYING', 5, '2025-11-21 10:00:00'),
       (44, 'COMPLETED', 6, '2025-11-22 15:00:00'),
       (45, 'RECEIVED', 8, '2026-01-08 11:00:00'),
       (45, 'WASHING', 7, '2026-01-09 10:00:00');

INSERT INTO order_tb (customer_id, status, total_price, order_date, memo, editor_id, is_pending, created_at, updated_at)
VALUES (6, 'COMPLETED', 34000, '2025-04-25', 'VIP 초기 주문', 2, false, '2025-04-25 10:00:00', '2025-04-27 16:00:00'),
       (6, 'COMPLETED', 36000, '2025-06-05', 'VIP 추가 주문', 4, false, '2025-06-05 11:00:00', '2025-06-07 15:00:00'),
       (6, 'COMPLETED', 30000, '2025-06-20', 'VIP 정기 주문', 6, false, '2025-06-20 14:00:00', '2025-06-22 17:00:00'),
       (6, 'COMPLETED', 48000, '2025-07-25', 'VIP 대량 주문', 8, false, '2025-07-25 09:00:00', '2025-07-27 16:00:00'),
       (6, 'COMPLETED', 36000, '2025-10-05', 'VIP 가을 주문', 10, false, '2025-10-05 13:00:00', '2025-10-07 16:00:00'),
       (6, 'COMPLETED', 36000, '2025-10-25', 'VIP 추가 주문', 5, false, '2025-10-25 10:00:00', '2025-10-27 15:00:00'),
       (6, 'COMPLETED', 34000, '2025-12-05', 'VIP 겨울 준비', 7, false, '2025-12-05 11:00:00', '2025-12-07 16:00:00'),
       (6, 'WASHING', 48000, '2026-01-11', 'VIP 신년 주문', 9, false, '2026-01-11 10:00:00', '2026-01-12 11:00:00');

INSERT INTO order_item_tb (order_id, laundry_item_id, quantity, created_at, updated_at)
VALUES (46, 16, 1, '2025-04-25 10:00:00', '2025-04-25 10:00:00'),
       (46, 8, 1, '2025-04-25 10:00:00', '2025-04-25 10:00:00'),
       (47, 11, 1, '2025-06-05 11:00:00', '2025-06-05 11:00:00'),
       (47, 10, 1, '2025-06-05 11:00:00', '2025-06-05 11:00:00'),
       (47, 8, 1, '2025-06-05 11:00:00', '2025-06-05 11:00:00'),
       (48, 10, 1, '2025-06-20 14:00:00', '2025-06-20 14:00:00'),
       (48, 8, 1, '2025-06-20 14:00:00', '2025-06-20 14:00:00'),
       (48, 9, 1, '2025-06-20 14:00:00', '2025-06-20 14:00:00'),
       (49, 16, 1, '2025-07-25 09:00:00', '2025-07-25 09:00:00'),
       (49, 11, 1, '2025-07-25 09:00:00', '2025-07-25 09:00:00'),
       (49, 10, 1, '2025-07-25 09:00:00', '2025-07-25 09:00:00'),
       (50, 11, 1, '2025-10-05 13:00:00', '2025-10-05 13:00:00'),
       (50, 10, 1, '2025-10-05 13:00:00', '2025-10-05 13:00:00'),
       (50, 8, 1, '2025-10-05 13:00:00', '2025-10-05 13:00:00'),
       (51, 16, 1, '2025-10-25 10:00:00', '2025-10-25 10:00:00'),
       (51, 10, 1, '2025-10-25 10:00:00', '2025-10-25 10:00:00'),
       (52, 11, 1, '2025-12-05 11:00:00', '2025-12-05 11:00:00'),
       (52, 10, 1, '2025-12-05 11:00:00', '2025-12-05 11:00:00'),
       (52, 9, 1, '2025-12-05 11:00:00', '2025-12-05 11:00:00'),
       (53, 16, 1, '2026-01-11 10:00:00', '2026-01-11 10:00:00'),
       (53, 11, 1, '2026-01-11 10:00:00', '2026-01-11 10:00:00'),
       (53, 10, 1, '2026-01-11 10:00:00', '2026-01-11 10:00:00');

INSERT INTO order_item_option_tb (laundry_option_id, order_item_id, created_at, updated_at)
VALUES (3, 111, '2025-04-25 10:00:00', '2025-04-25 10:00:00'),
       (3, 114, '2025-06-05 11:00:00', '2025-06-05 11:00:00'),
       (3, 117, '2025-06-20 14:00:00', '2025-06-20 14:00:00'),
       (3, 120, '2025-07-25 09:00:00', '2025-07-25 09:00:00'),
       (3, 123, '2025-10-05 13:00:00', '2025-10-05 13:00:00'),
       (3, 126, '2025-10-25 10:00:00', '2025-10-25 10:00:00'),
       (3, 129, '2025-12-05 11:00:00', '2025-12-05 11:00:00'),
       (3, 132, '2026-01-11 10:00:00', '2026-01-11 10:00:00');

INSERT INTO payment_tb (order_id, imp_uid, merchant_uid, amount, payment_status, created_at, updated_at)
VALUES (46, 'imp_044', 'merchant_044', 34000, 'PAID', '2025-04-25 10:05:00', '2025-04-25 10:33:00'),
       (47, 'imp_045', 'merchant_045', 36000, 'PAID', '2025-06-05 11:05:00', '2025-06-05 11:40:00'),
       (48, 'imp_046', 'merchant_046', 30000, 'PAID', '2025-06-20 14:05:00', '2025-06-20 14:17:00'),
       (49, 'imp_047', 'merchant_047', 48000, 'PAID', '2025-07-25 09:05:00', '2025-07-25 09:44:00'),
       (50, 'imp_048', 'merchant_048', 36000, 'PAID', '2025-10-05 13:05:00', '2025-10-05 13:26:00'),
       (51, 'imp_049', 'merchant_049', 36000, 'PAID', '2025-10-25 10:05:00', '2025-10-25 10:37:00'),
       (52, 'imp_050', 'merchant_050', 34000, 'PAID', '2025-12-05 11:05:00', '2025-12-05 11:15:00'),
       (53, 'imp_051', 'merchant_051', 48000, 'PAID', '2026-01-11 10:05:00', '2026-01-11 10:41:00');

INSERT INTO order_status_history_tb (order_id, status, editor_id, created_at)
VALUES (46, 'RECEIVED', 2, '2025-04-25 10:00:00'),
       (46, 'WASHING', 4, '2025-04-25 14:00:00'),
       (46, 'DRYING', 6, '2025-04-26 10:00:00'),
       (46, 'COMPLETED', 2, '2025-04-27 16:00:00'),
       (47, 'RECEIVED', 4, '2025-06-05 11:00:00'),
       (47, 'WASHING', 8, '2025-06-05 15:00:00'),
       (47, 'DRYING', 10, '2025-06-06 10:00:00'),
       (47, 'COMPLETED', 4, '2025-06-07 15:00:00'),
       (48, 'RECEIVED', 6, '2025-06-20 14:00:00'),
       (48, 'WASHING', 2, '2025-06-20 16:00:00'),
       (48, 'DRYING', 5, '2025-06-21 10:00:00'),
       (48, 'COMPLETED', 6, '2025-06-22 17:00:00'),
       (49, 'RECEIVED', 8, '2025-07-25 09:00:00'),
       (49, 'WASHING', 4, '2025-07-25 13:00:00'),
       (49, 'DRYING', 7, '2025-07-26 10:00:00'),
       (49, 'COMPLETED', 8, '2025-07-27 16:00:00'),
       (50, 'RECEIVED', 10, '2025-10-05 13:00:00'),
       (50, 'WASHING', 6, '2025-10-05 15:00:00'),
       (50, 'DRYING', 9, '2025-10-06 10:00:00'),
       (50, 'COMPLETED', 10, '2025-10-07 16:00:00'),
       (51, 'RECEIVED', 5, '2025-10-25 10:00:00'),
       (51, 'WASHING', 7, '2025-10-25 14:00:00'),
       (51, 'DRYING', 3, '2025-10-26 10:00:00'),
       (51, 'COMPLETED', 5, '2025-10-27 15:00:00'),
       (52, 'RECEIVED', 7, '2025-12-05 11:00:00'),
       (52, 'WASHING', 9, '2025-12-05 15:00:00'),
       (52, 'DRYING', 4, '2025-12-06 10:00:00'),
       (52, 'COMPLETED', 7, '2025-12-07 16:00:00'),
       (53, 'RECEIVED', 9, '2026-01-11 10:00:00'),
       (53, 'WASHING', 5, '2026-01-12 11:00:00');