INSERT INTO laundry_item_tb(name, category, base_price, description, is_active, created_at)
VALUES ('셔츠', 'TOP', 3000, '일상적으로 착용하는 일반 셔츠 세탁입니다.', true, '2024-01-15 10:00:00'),
       ('티셔츠', 'TOP', 2500, '면 티셔츠 세탁 서비스입니다.', true, '2024-01-20 14:30:00'),
       ('바지', 'BOTTOM', 4000, '면바지, 슬랙스 등 일반 바지 세탁입니다.', true, '2024-03-10 13:20:00'),
       ('코트', 'OUTER', 8000, '겨울용 코트 및 두꺼운 아우터 세탁입니다.', true, '2024-10-12 09:00:00'),
       ('이불', 'BEDDING', 12000, '이불, 담요 등 침구류 세탁 서비스입니다.', true, '2024-05-20 16:30:00');

INSERT INTO laundry_option_tb(name, extra_price, description, is_active, created_at)
VALUES ('표백', 2000, '표백 처리를 통해 얼룩과 변색을 개선합니다.', true, '2024-01-10 09:00:00'),
       ('향 추가', 2000, '세탁 후 은은한 향을 추가해 드립니다.', true, '2024-01-25 14:20:00'),
       ('프리미엄 세제', 2000, '프리미엄 세제를 사용해 섬유 손상을 줄입니다.', true, '2024-02-12 11:15:00'),
       ('항균 처리', 2000, '세균과 곰팡이를 제거하는 항균 처리를 진행합니다.', true, '2024-04-22 09:30:00'),
       ('주름 제거', 2000, '다림질을 통해 옷의 주름을 완벽하게 제거합니다.', true, '2024-05-15 11:00:00');

INSERT INTO supply_item_tb(name, unit, stock_quantity, safety_stock, is_active, created_at)
VALUES ('세탁세제', '병', 25, 30, true, '2025-01-05 08:00:00'),
       ('섬유유연제', '병', 50, 20, true, '2025-01-18 12:30:00'),
       ('비닐포장지', '개', 350, 250, true, '2025-02-25 14:00:00'),
       ('세탁망', '개', 70, 60, true, '2025-04-15 11:30:00'),
       ('항균 세제', '병', 5, 5, true, '2025-05-20 10:00:00');

INSERT INTO employee_tb
(name, username, password, email, user_role, user_status, created_at, is_active)
VALUES
    ('이직원', 'employee01', '$2a$12$fKGcr7r0nXynn0Drro2lIelfgtYVpsscTLJYeSjryPYGKcFYkzHiS', 'employee01@clean4u.com', 'EMPLOYEE', 'APPROVED', '2024-02-15 10:30:00', true),
    ('박직원', 'employee02', '$2a$12$fKGcr7r0nXynn0Drro2lIelfgtYVpsscTLJYeSjryPYGKcFYkzHiS', 'employee02@clean4u.com', 'EMPLOYEE', 'APPROVED', '2024-03-20 11:15:00', true),
    ('최직원', 'employee03', '$2a$12$fKGcr7r0nXynn0Drro2lIelfgtYVpsscTLJYeSjryPYGKcFYkzHiS', 'employee03@clean4u.com', 'EMPLOYEE', 'APPROVED', '2024-04-10 14:20:00', true),
    ('정직원', 'employee04', '$2a$12$fKGcr7r0nXynn0Drro2lIelfgtYVpsscTLJYeSjryPYGKcFYkzHiS', 'employee04@clean4u.com', 'EMPLOYEE', 'APPROVED', '2024-05-25 09:45:00', true),
    ('김직원', 'employee05', '$2a$12$fKGcr7r0nXynn0Drro2lIelfgtYVpsscTLJYeSjryPYGKcFYkzHiS', 'employee05@clean4u.com', 'EMPLOYEE', 'APPROVED', '2024-06-10 13:20:00', true),
    ('김신입', 'new01', '$2a$12$fKGcr7r0nXynn0Drro2lIelfgtYVpsscTLJYeSjryPYGKcFYkzHiS', 'new01@clean4u.com', 'EMPLOYEE', 'PENDING', '2025-11-20 10:00:00', true),
    ('이신입', 'new02', '$2a$12$fKGcr7r0nXynn0Drro2lIelfgtYVpsscTLJYeSjryPYGKcFYkzHiS', 'new02@clean4u.com', 'EMPLOYEE', 'PENDING', '2025-11-25 11:30:00', true),
    ('박신입', 'new03', '$2a$12$fKGcr7r0nXynn0Drro2lIelfgtYVpsscTLJYeSjryPYGKcFYkzHiS', 'new03@clean4u.com', 'EMPLOYEE', 'PENDING', '2025-12-01 14:15:00', true);

INSERT INTO work_schedule_tb (user_id, start_time, end_time, created_at)
VALUES (2, '09:00:00', '18:00:00', '2025-12-01 08:00:00'),
       (3, '10:00:00', '19:00:00', '2025-12-01 08:15:00'),
       (4, '08:00:00', '17:00:00', '2025-12-01 08:30:00'),
       (5, '11:00:00', '20:00:00', '2025-12-01 09:00:00'),
       (6, '09:30:00', '18:30:00', '2025-12-01 09:15:00');

INSERT INTO work_schedule_override_tb (date, original_employee_id, override_employee_id, start_time, end_time)
VALUES ('2025-12-20', 2, 3, '09:00:00', '18:00:00'),
       ('2025-12-21', 4, 5, '08:00:00', '17:00:00'),
       ('2025-12-22', 2, 4, '09:00:00', '18:00:00'),
       ('2025-12-23', 3, 5, '10:00:00', '19:00:00'),
       ('2025-12-24', 4, 2, '08:00:00', '17:00:00');

INSERT INTO notice_tb (id, title, content, employee_id, created_at)
VALUES (1, '운영 시간 변경 안내', '직원 여러분께 안내드립니다.

2025년 12월부터 평일 운영 시간이 변경되었습니다.

변경 사항:
기존 평일 09:00~18:00에서 평일 09:00~20:00로 2시간 연장됩니다.

근무 시간 변경에 따라 교대 근무 스케줄이 조정될 예정이며, 각 직원의 새로운 근무 시간표는 별도로 공지하겠습니다.

야간 근무 시 안전에 각별히 주의하시기 바랍니다.

문의사항이 있으시면 관리자에게 연락 부탁드립니다.', 1, '2025-12-10 10:00:00'),
       (2, '신규 프리미엄 세탁 서비스 런칭 안내', '직원 여러분께 새로운 서비스 런칭을 안내드립니다.

Clean4U에서 프리미엄 세탁 서비스를 새롭게 런칭했습니다.

서비스 내용:
- 프리미엄 세제 사용
- 개별 세탁 처리
- 전문 다림질
- 프리미엄 포장

가격은 기존 대비 30% 추가, VIP 고객 20% 할인입니다.

프리미엄 서비스 주문 시 별도 표시, 세탁 전 옷감 상태 확인 필수입니다.

12월 20일 오후 2시 교육 실시, 모든 직원 필수 참석입니다.

문의: 관리자', 1, '2025-12-15 09:00:00'),
       (3, '세탁 항목 가격 조정 안내', '직원 여러분께 가격 변동 사항을 안내드립니다.

2026년 1월 1일부터 일부 세탁 항목의 가격이 조정됩니다.

가격 인상:
- 드라이클리닝 20,000→22,000원(10%)
- 코트 8,000→9,000원(12.5%)
- 이불 12,000→13,000원(8.3%)

가격 변경 전 주문은 기존 가격, 신규 주문부터 새 가격 적용됩니다.

가격표는 12월 30일까지 업데이트, 고객에게 사전 안내 필수입니다.

문의: 관리자', 1, '2025-12-20 14:30:00'),
       (4, '시스템 점검 및 업데이트 안내', '직원 여러분께 시스템 점검 일정을 안내드립니다.

일시: 2026년 1월 2일(목) 23:00~1월 3일(금) 01:00
소요 시간: 약 2시간

점검 내용: 주문 관리 시스템 업데이트 및 DB 최적화입니다.

점검 중 제한 사항:
- 주문 접수 시스템 사용 불가
- 고객 정보 조회 제한
- 재고 관리 시스템 일시 중단

비상 연락처: 시스템 담당자 내선 101, 관리자 내선 100입니다.', 1, '2025-12-25 00:00:00'),
       (5, '연말 이벤트 및 고객 서비스 강화 안내', '직원 여러분께 연말 이벤트 및 서비스 강화 사항을 안내드립니다.

12월 한 달간 특별 이벤트를 진행합니다.

이벤트 내용:
- VIP 고객 20% 할인(12/1~31)
- 신규 고객 첫 방문 10% 할인
- 대량 세탁 10만원 이상 15% 할인

서비스 강화:
- 세탁 전 옷감 상태 사진 촬영 필수
- 주문 완료 시 만족도 조사 안내

이벤트 기간 중 주문량 증가 예상되며, 우수 평가 직원에게 보너스 지급됩니다.

문의: 관리자', 1, '2025-12-01 11:00:00'),
       (6, '세탁기 정기 점검 안내', '직원 여러분께 세탁기 정기 점검 일정을 안내드립니다.

일시: 2025년 12월 28일(일) 오전 9시~오후 1시
점검 내용: 세탁기 1호, 2호 정기 점검 및 청소

점검 중 주의사항:
- 점검 시간 중 해당 세탁기 사용 불가
- 남은 세탁기는 정상 운영
- 긴급 주문은 다른 세탁기로 처리

점검 완료 후 정상 운영 재개됩니다.

문의: 관리자', 1, '2025-12-22 09:00:00'),
       (7, '신규 직원 교육 일정 안내', '직원 여러분께 신규 직원 교육 일정을 안내드립니다.

일시: 2025년 12월 27일(토) 오전 10시~오후 3시
장소: 본점 교육실

교육 내용:
- 주문 접수 시스템 사용법
- 세탁 프로세스 및 주의사항
- 고객 응대 매뉴얼
- 안전 수칙

기존 직원 중 참관 희망자는 사전 신청 부탁드립니다.

문의: 관리자', 1, '2025-12-23 10:00:00'),
       (8, '연말 정산 및 급여 지급 안내', '직원 여러분께 연말 정산 및 급여 지급 일정을 안내드립니다.

급여 지급일: 2025년 12월 25일(수)
정산 기간: 2025년 11월 1일~11월 30일

지급 내용:
- 기본급
- 시간외 수당
- 성과급(해당자)

급여 명세서는 개별 전달 예정입니다.

문의: 관리자', 1, '2025-12-20 14:00:00'),
       (9, '설 연휴 휴무 및 연휴 기간 업무 안내', '직원 여러분께 설 연휴 휴무 일정을 안내드립니다.

휴무 기간: 2025년 1월 28일(화)~1월 30일(목), 총 3일간 휴무입니다.

연휴 전 마감 작업(1/27까지):
- 미수령 주문 고객 연락 및 안내
- 재고 정리 및 시설 점검

고객 안내:
- 연휴 휴무 안내문 부착
- 온라인 예약 시스템 휴무 안내

시설 관리:
- 세탁기 및 건조기 청소 및 점검
- 방범 시스템 점검

연휴 중 비상 상황 발생 시 관리자 연락 필수입니다.

문의: 관리자', 1, '2025-12-15 00:00:00');

INSERT INTO supply_item_history_tb (supply_item_id, type, quantity, stock_before, stock_after, memo, employee_id,
                                    created_at)
VALUES (1, 'IN', 50, 0, 50, '초기 입고', 1, '2025-01-05 08:00:00'),
       (1, 'OUT', 25, 50, 25, '일반 운영 소모분 출고', 2, '2025-12-20 14:15:00'),
       (1, 'UPDATE', 0, 25, 25, '품목 정보 수정: 상품명 표준화', 3, '2025-12-25 10:00:00'),
       (1, 'UPDATE', 0, 25, 25, '품목 정보 수정: 공급사 정보 업데이트', 1, '2026-01-10 11:00:00'),
       (1, 'ADJUSTMENT', 0, 25, 25, '월말 실사 조정', 4, '2025-12-28 16:00:00'),
       (2, 'IN', 60, 0, 60, '초기 입고', 1, '2025-01-05 08:00:00'),
       (2, 'OUT', 10, 60, 50, '일반 운영 소모분 출고', 2, '2025-12-20 14:15:00'),
       (2, 'UPDATE', 0, 50, 50, '품목 정보 수정: 상품명 표준화', 3, '2025-12-25 10:00:00'),
       (2, 'UPDATE', 0, 50, 50, '품목 정보 수정: 공급사 정보 업데이트', 1, '2026-01-10 11:00:00'),
       (2, 'ADJUSTMENT', 0, 50, 50, '월말 실사 조정', 4, '2025-12-28 16:00:00'),
       (3, 'IN', 400, 0, 400, '초기 입고', 1, '2025-01-05 08:00:00'),
       (3, 'OUT', 50, 400, 350, '일반 운영 소모분 출고', 2, '2025-12-20 14:15:00'),
       (3, 'UPDATE', 0, 350, 350, '품목 정보 수정: 상품명 표준화', 3, '2025-12-25 10:00:00'),
       (3, 'UPDATE', 0, 350, 350, '품목 정보 수정: 공급사 정보 업데이트', 1, '2026-01-10 11:00:00'),
       (3, 'ADJUSTMENT', 0, 350, 350, '월말 실사 조정', 4, '2025-12-28 16:00:00'),
       (4, 'IN', 100, 0, 100, '초기 입고', 1, '2025-01-05 08:00:00'),
       (4, 'OUT', 30, 100, 70, '일반 운영 소모분 출고', 3, '2025-12-20 14:15:00'),
       (4, 'UPDATE', 0, 70, 70, '품목 정보 수정: 상품명 표준화', 3, '2025-12-25 10:00:00'),
       (4, 'UPDATE', 0, 70, 70, '품목 정보 수정: 공급사 정보 업데이트', 1, '2026-01-10 11:00:00'),
       (4, 'ADJUSTMENT', 0, 70, 70, '월말 실사 조정', 4, '2025-12-28 16:00:00'),
       (5, 'IN', 10, 0, 10, '초기 입고', 1, '2025-01-05 08:00:00'),
       (5, 'OUT', 5, 10, 5, '일반 운영 소모분 출고', 2, '2025-12-20 14:15:00'),
       (5, 'UPDATE', 0, 5, 5, '품목 정보 수정: 상품명 표준화', 3, '2025-12-25 10:00:00'),
       (5, 'UPDATE', 0, 5, 5, '품목 정보 수정: 공급사 정보 업데이트', 1, '2026-01-10 11:00:00'),
       (5, 'ADJUSTMENT', 0, 5, 5, '월말 실사 조정', 4, '2025-12-28 16:00:00');

INSERT INTO customer_tb (name, birth, phone, grade, memo, is_active, created_at, updated_at, created_by, updated_by)
VALUES
    ('차은우', '1997-03-30', '010-1111-1111', 'NEW', '신규 가입, 첫 주문', true, '2025-12-01 10:00:00', null, 2, null),
    ('김근호', '1990-07-22', '010-1111-1112', 'NEW', '첫 방문, 온라인 홍보, 만족', true, '2025-12-05 14:30:00', '2025-12-07 11:15:00', 3, 7),
    ('김태양', '1993-06-09', '010-2222-2222', 'REGULAR', '정기 이용, 월 2회, 만족', true, '2025-10-15 09:00:00', null, 4, null),
    ('권지애', '1993-07-06', '010-4007-8541', 'REGULAR', '단골 고객, 매주 이용, 드라이클리닝 선호', true, '2025-09-20 11:20:00', null, 5, null),
    ('정은혜', '1997-11-14', '010-7238-3157', 'VIP', 'VIP 회원, 고가 의류, 프리미엄 옵션 선호', true, '2025-06-10 15:00:00', '2025-06-12 10:25:00', 6, 9),
    ('김향미', '1988-09-25', '010-3333-3334', 'VIP', '프리미엄 회원, 대량 정기 이용, 이불/침구류 선호', true, '2025-05-15 16:30:00', '2025-05-17 14:10:00', 7, 10);

INSERT INTO order_tb (customer_id, status, total_price, order_date, memo, editor_id, is_pending, created_at, updated_at)
VALUES
    (1, 'WASHING', 6000, '2025-12-02', 'NEW 고객 주문', 3, false, '2025-12-02 10:03:00', '2025-12-02 10:03:00'),
    (1, 'COMPLETED', 4500, '2025-11-03', 'NEW 고객 주문', 4, false, '2025-11-03 11:06:00', '2025-11-03 11:06:00'),
    (2, 'COMPLETED', 6000, '2025-12-04', 'NEW 고객 주문', 5, false, '2025-12-04 12:09:00', '2025-12-04 12:09:00'),
    (2, 'COMPLETED', 4500, '2025-11-05', 'NEW 고객 주문', 6, false, '2025-11-05 13:12:00', '2025-11-05 13:12:00'),
    (3, 'COMPLETED', 10000, '2025-12-06', 'REGULAR 고객 주문', 2, false, '2025-12-06 14:15:00', '2025-12-06 14:15:00'),
    (3, 'COMPLETED', 8000, '2025-11-07', 'REGULAR 고객 주문', 3, false, '2025-11-07 15:18:00', '2025-11-07 15:18:00'),
    (3, 'COMPLETED', 12000, '2025-12-08', 'REGULAR 고객 주문', 4, false, '2025-12-08 16:21:00', '2025-12-08 16:21:00'),
    (3, 'COMPLETED', 12000, '2025-11-09', 'REGULAR 고객 주문', 5, false, '2025-11-09 17:24:00', '2025-11-09 17:24:00'),
    (3, 'COMPLETED', 11000, '2025-12-10', 'REGULAR 고객 주문', 6, false, '2025-12-10 18:27:00', '2025-12-10 18:27:00'),
    (3, 'DRYING', 12000, '2025-11-11', 'REGULAR 고객 주문', 2, false, '2025-11-11 09:30:00', '2025-11-11 09:30:00'),
    (4, 'WASHING', 10000, '2025-12-12', 'REGULAR 고객 주문', 3, false, '2025-12-12 10:33:00', '2025-12-12 10:33:00'),
    (4, 'COMPLETED', 8000, '2025-11-13', 'REGULAR 고객 주문', 4, false, '2025-11-13 11:36:00', '2025-11-13 11:36:00'),
    (4, 'COMPLETED', 12000, '2025-12-14', 'REGULAR 고객 주문', 5, false, '2025-12-14 12:39:00', '2025-12-14 12:39:00'),
    (4, 'COMPLETED', 12000, '2025-11-15', 'REGULAR 고객 주문', 6, false, '2025-11-15 13:42:00', '2025-11-15 13:42:00'),
    (4, 'COMPLETED', 11000, '2025-12-16', 'REGULAR 고객 주문', 2, false, '2025-12-16 14:45:00', '2025-12-16 14:45:00'),
    (4, 'COMPLETED', 12000, '2025-11-17', 'REGULAR 고객 주문', 3, false, '2025-11-17 15:48:00', '2025-11-17 15:48:00'),
    (5, 'COMPLETED', 26000, '2025-12-18', 'VIP 고객 주문', 4, false, '2025-12-18 16:51:00', '2025-12-18 17:25:00'),
    (5, 'COMPLETED', 25000, '2025-11-19', 'VIP 고객 주문', 5, false, '2025-11-19 17:54:00', '2025-11-19 18:30:00'),
    (5, 'COMPLETED', 28000, '2025-12-20', 'VIP 고객 주문', 6, false, '2025-12-20 18:57:00', '2025-12-20 19:35:00'),
    (5, 'DRYING', 40000, '2025-11-21', 'VIP 고객 주문', 2, false, '2025-11-21 09:00:00', '2025-11-21 15:40:00'),
    (5, 'WASHING', 28000, '2025-12-22', 'VIP 고객 주문', 3, false, '2025-12-22 10:03:00', '2025-12-22 16:45:00'),
    (5, 'COMPLETED', 21000, '2025-11-23', 'VIP 고객 주문', 4, false, '2025-11-23 11:06:00', '2025-11-23 17:50:00'),
    (5, 'COMPLETED', 24000, '2025-12-24', 'VIP 고객 주문', 5, false, '2025-12-24 12:09:00', '2025-12-24 18:55:00'),
    (5, 'COMPLETED', 22000, '2025-11-25', 'VIP 고객 주문', 6, false, '2025-11-25 13:12:00', '2025-11-25 19:00:00'),
    (5, 'COMPLETED', 35000, '2025-12-26', 'VIP 고객 주문', 2, false, '2025-12-26 14:15:00', '2025-12-26 15:05:00'),
    (5, 'COMPLETED', 25000, '2025-11-27', 'VIP 고객 주문', 3, false, '2025-11-27 15:18:00', '2025-11-27 16:10:00'),
    (5, 'COMPLETED', 26000, '2025-12-28', 'VIP 고객 주문', 4, false, '2025-12-28 16:21:00', '2025-12-28 17:15:00'),
    (5, 'COMPLETED', 25000, '2025-11-01', 'VIP 고객 주문', 5, false, '2025-11-01 17:24:00', '2025-11-01 18:20:00'),
    (5, 'COMPLETED', 28000, '2025-12-02', 'VIP 고객 주문', 6, false, '2025-12-02 18:27:00', '2025-12-02 19:25:00'),
    (5, 'DRYING', 40000, '2025-11-03', 'VIP 고객 주문', 2, false, '2025-11-03 09:30:00', '2025-11-03 15:30:00'),
    (5, 'WASHING', 28000, '2025-12-04', 'VIP 고객 주문', 3, false, '2025-12-04 10:33:00', '2025-12-04 16:35:00'),
    (5, 'COMPLETED', 21000, '2025-11-05', 'VIP 고객 주문', 4, false, '2025-11-05 11:36:00', '2025-11-05 17:40:00'),
    (5, 'COMPLETED', 24000, '2025-12-06', 'VIP 고객 주문', 5, false, '2025-12-06 12:39:00', '2025-12-06 18:45:00'),
    (5, 'COMPLETED', 22000, '2025-11-07', 'VIP 고객 주문', 6, false, '2025-11-07 13:42:00', '2025-11-07 19:50:00'),
    (5, 'COMPLETED', 35000, '2025-12-08', 'VIP 고객 주문', 2, false, '2025-12-08 14:45:00', '2025-12-08 15:55:00'),
    (5, 'COMPLETED', 25000, '2025-11-09', 'VIP 고객 주문', 3, false, '2025-11-09 15:48:00', '2025-11-09 16:00:00'),
    (5, 'COMPLETED', 26000, '2025-12-10', 'VIP 고객 주문', 4, false, '2025-12-10 16:51:00', '2025-12-10 17:05:00'),
    (5, 'COMPLETED', 25000, '2025-11-11', 'VIP 고객 주문', 5, false, '2025-11-11 17:54:00', '2025-11-11 18:10:00'),
    (5, 'COMPLETED', 28000, '2025-12-12', 'VIP 고객 주문', 6, false, '2025-12-12 18:57:00', '2025-12-12 19:15:00'),
    (5, 'DRYING', 40000, '2025-11-13', 'VIP 고객 주문', 2, false, '2025-11-13 09:00:00', '2025-11-13 15:20:00'),
    (5, 'WASHING', 28000, '2025-12-14', 'VIP 고객 주문', 3, false, '2025-12-14 10:03:00', '2025-12-14 16:25:00'),
    (5, 'COMPLETED', 21000, '2025-11-15', 'VIP 고객 주문', 4, false, '2025-11-15 11:06:00', '2025-11-15 17:30:00'),
    (5, 'COMPLETED', 24000, '2025-12-16', 'VIP 고객 주문', 5, false, '2025-12-16 12:09:00', '2025-12-16 18:35:00'),
    (5, 'COMPLETED', 22000, '2025-11-17', 'VIP 고객 주문', 6, false, '2025-11-17 13:12:00', '2025-11-17 19:40:00'),
    (5, 'COMPLETED', 35000, '2025-12-18', 'VIP 고객 주문', 2, false, '2025-12-18 14:15:00', '2025-12-18 15:45:00'),
    (5, 'COMPLETED', 25000, '2025-11-19', 'VIP 고객 주문', 3, false, '2025-11-19 15:18:00', '2025-11-19 16:50:00'),
    (6, 'COMPLETED', 26000, '2025-12-20', 'VIP 고객 주문', 4, false, '2025-12-20 16:21:00', '2025-12-20 17:55:00'),
    (6, 'COMPLETED', 25000, '2025-11-21', 'VIP 고객 주문', 5, false, '2025-11-21 17:24:00', '2025-11-21 18:00:00'),
    (6, 'COMPLETED', 28000, '2025-12-22', 'VIP 고객 주문', 6, false, '2025-12-22 18:27:00', '2025-12-22 19:05:00'),
    (6, 'DRYING', 40000, '2025-11-23', 'VIP 고객 주문', 2, false, '2025-11-23 09:30:00', '2025-11-23 15:10:00'),
    (6, 'WASHING', 28000, '2025-12-24', 'VIP 고객 주문', 3, false, '2025-12-24 10:33:00', '2025-12-24 16:15:00'),
    (6, 'COMPLETED', 21000, '2025-11-25', 'VIP 고객 주문', 4, false, '2025-11-25 11:36:00', '2025-11-25 17:20:00'),
    (6, 'COMPLETED', 24000, '2025-12-26', 'VIP 고객 주문', 5, false, '2025-12-26 12:39:00', '2025-12-26 18:25:00'),
    (6, 'COMPLETED', 22000, '2025-11-27', 'VIP 고객 주문', 6, false, '2025-11-27 13:42:00', '2025-11-27 19:30:00'),
    (6, 'COMPLETED', 35000, '2025-12-28', 'VIP 고객 주문', 2, false, '2025-12-28 14:45:00', '2025-12-28 15:35:00'),
    (6, 'COMPLETED', 25000, '2025-11-01', 'VIP 고객 주문', 3, false, '2025-11-01 15:48:00', '2025-11-01 16:40:00'),
    (6, 'COMPLETED', 26000, '2025-12-02', 'VIP 고객 주문', 4, false, '2025-12-02 16:51:00', '2025-12-02 17:45:00'),
    (6, 'COMPLETED', 25000, '2025-11-03', 'VIP 고객 주문', 5, false, '2025-11-03 17:54:00', '2025-11-03 18:50:00'),
    (6, 'COMPLETED', 28000, '2025-12-04', 'VIP 고객 주문', 6, false, '2025-12-04 18:57:00', '2025-12-04 19:55:00'),
    (6, 'DRYING', 40000, '2025-11-05', 'VIP 고객 주문', 2, false, '2025-11-05 09:00:00', '2025-11-05 15:00:00'),
    (6, 'WASHING', 28000, '2025-12-06', 'VIP 고객 주문', 3, false, '2025-12-06 10:03:00', '2025-12-06 16:05:00'),
    (6, 'COMPLETED', 21000, '2025-11-07', 'VIP 고객 주문', 4, false, '2025-11-07 11:06:00', '2025-11-07 17:10:00'),
    (6, 'COMPLETED', 24000, '2025-12-08', 'VIP 고객 주문', 5, false, '2025-12-08 12:09:00', '2025-12-08 18:15:00'),
    (6, 'COMPLETED', 22000, '2025-11-09', 'VIP 고객 주문', 6, false, '2025-11-09 13:12:00', '2025-11-09 19:20:00'),
    (6, 'COMPLETED', 35000, '2025-12-10', 'VIP 고객 주문', 2, false, '2025-12-10 14:15:00', '2025-12-10 15:25:00'),
    (6, 'COMPLETED', 25000, '2025-11-11', 'VIP 고객 주문', 3, false, '2025-11-11 15:18:00', '2025-11-11 16:30:00'),
    (6, 'COMPLETED', 26000, '2025-12-12', 'VIP 고객 주문', 4, false, '2025-12-12 16:21:00', '2025-12-12 17:35:00'),
    (6, 'COMPLETED', 25000, '2025-11-13', 'VIP 고객 주문', 5, false, '2025-11-13 17:24:00', '2025-11-13 18:40:00'),
    (6, 'COMPLETED', 28000, '2025-12-14', 'VIP 고객 주문', 6, false, '2025-12-14 18:27:00', '2025-12-14 19:45:00'),
    (6, 'DRYING', 40000, '2025-11-15', 'VIP 고객 주문', 2, false, '2025-11-15 09:30:00', '2025-11-15 15:50:00'),
    (6, 'WASHING', 28000, '2025-12-16', 'VIP 고객 주문', 3, false, '2025-12-16 10:33:00', '2025-12-16 16:55:00'),
    (6, 'COMPLETED', 21000, '2025-11-17', 'VIP 고객 주문', 4, false, '2025-11-17 11:36:00', '2025-11-17 17:00:00'),
    (6, 'COMPLETED', 24000, '2025-12-18', 'VIP 고객 주문', 5, false, '2025-12-18 12:39:00', '2025-12-18 18:05:00'),
    (6, 'COMPLETED', 22000, '2025-11-19', 'VIP 고객 주문', 6, false, '2025-11-19 13:42:00', '2025-11-19 19:10:00'),
    (6, 'COMPLETED', 35000, '2025-12-20', 'VIP 고객 주문', 2, false, '2025-12-20 14:45:00', '2025-12-20 15:15:00'),
    (6, 'COMPLETED', 25000, '2025-11-21', 'VIP 고객 주문', 3, false, '2025-11-21 15:48:00', '2025-11-21 16:20:00');

INSERT INTO order_item_tb (order_id, laundry_item_id, quantity, created_at, updated_at)
VALUES
    (1, 1, 2, '2025-12-02 10:03:00', '2025-12-02 10:03:00'),
    (2, 2, 1, '2025-11-03 11:06:00', '2025-11-03 11:06:00'),
    (3, 1, 2, '2025-12-04 12:09:00', '2025-12-04 12:09:00'),
    (4, 2, 1, '2025-11-05 13:12:00', '2025-11-05 13:12:00'),
    (5, 3, 2, '2025-12-06 14:15:00', '2025-12-06 14:15:00'),
    (6, 1, 1, '2025-11-07 15:18:00', '2025-11-07 15:18:00'),
    (6, 2, 2, '2025-11-07 15:18:00', '2025-11-07 15:18:00'),
    (7, 4, 1, '2025-12-08 16:21:00', '2025-12-08 16:21:00'),
    (8, 3, 1, '2025-11-09 17:24:00', '2025-11-09 17:24:00'),
    (8, 1, 2, '2025-11-09 17:24:00', '2025-11-09 17:24:00'),
    (9, 1, 3, '2025-12-10 18:27:00', '2025-12-10 18:27:00'),
    (10, 2, 4, '2025-11-11 09:30:00', '2025-11-11 09:30:00'),
    (11, 3, 2, '2025-12-12 10:33:00', '2025-12-12 10:33:00'),
    (12, 1, 1, '2025-11-13 11:36:00', '2025-11-13 11:36:00'),
    (12, 2, 2, '2025-11-13 11:36:00', '2025-11-13 11:36:00'),
    (13, 4, 1, '2025-12-14 12:39:00', '2025-12-14 12:39:00'),
    (14, 3, 1, '2025-11-15 13:42:00', '2025-11-15 13:42:00'),
    (14, 1, 2, '2025-11-15 13:42:00', '2025-11-15 13:42:00'),
    (15, 1, 3, '2025-12-16 14:45:00', '2025-12-16 14:45:00'),
    (16, 2, 4, '2025-11-17 15:48:00', '2025-11-17 15:48:00'),
    (17, 4, 2, '2025-12-18 16:51:00', '2025-12-18 16:51:00'),
    (18, 1, 3, '2025-11-19 17:54:00', '2025-11-19 17:54:00'),
    (18, 3, 2, '2025-11-19 17:54:00', '2025-11-19 17:54:00'),
    (19, 5, 2, '2025-12-20 18:57:00', '2025-12-20 18:57:00'),
    (20, 5, 1, '2025-11-21 09:00:00', '2025-11-21 09:00:00'),
    (20, 4, 1, '2025-11-21 09:00:00', '2025-11-21 09:00:00'),
    (21, 4, 3, '2025-12-22 10:03:00', '2025-12-22 10:03:00'),
    (22, 1, 5, '2025-11-23 11:06:00', '2025-11-23 11:06:00'),
    (23, 3, 4, '2025-12-24 12:09:00', '2025-12-24 12:09:00'),
    (24, 5, 1, '2025-11-25 13:12:00', '2025-11-25 13:12:00'),
    (25, 4, 2, '2025-12-26 14:15:00', '2025-12-26 14:15:00'),
    (25, 1, 3, '2025-12-26 14:15:00', '2025-12-26 14:15:00'),
    (26, 2, 6, '2025-11-27 15:18:00', '2025-11-27 15:18:00'),
    (27, 4, 2, '2025-12-28 16:21:00', '2025-12-28 16:21:00'),
    (28, 1, 3, '2025-11-01 17:24:00', '2025-11-01 17:24:00'),
    (28, 3, 2, '2025-11-01 17:24:00', '2025-11-01 17:24:00'),
    (29, 5, 2, '2025-12-02 18:27:00', '2025-12-02 18:27:00'),
    (30, 5, 1, '2025-11-03 09:30:00', '2025-11-03 09:30:00'),
    (30, 4, 1, '2025-11-03 09:30:00', '2025-11-03 09:30:00'),
    (31, 4, 3, '2025-12-04 10:33:00', '2025-12-04 10:33:00'),
    (32, 1, 5, '2025-11-05 11:36:00', '2025-11-05 11:36:00'),
    (33, 3, 4, '2025-12-06 12:39:00', '2025-12-06 12:39:00'),
    (34, 5, 1, '2025-11-07 13:42:00', '2025-11-07 13:42:00'),
    (35, 4, 2, '2025-12-08 14:45:00', '2025-12-08 14:45:00'),
    (35, 1, 3, '2025-12-08 14:45:00', '2025-12-08 14:45:00'),
    (36, 2, 6, '2025-11-09 15:48:00', '2025-11-09 15:48:00'),
    (37, 4, 2, '2025-12-10 16:51:00', '2025-12-10 16:51:00'),
    (38, 1, 3, '2025-11-11 17:54:00', '2025-11-11 17:54:00'),
    (38, 3, 2, '2025-11-11 17:54:00', '2025-11-11 17:54:00'),
    (39, 5, 2, '2025-12-12 18:57:00', '2025-12-12 18:57:00'),
    (40, 5, 1, '2025-11-13 09:00:00', '2025-11-13 09:00:00'),
    (40, 4, 1, '2025-11-13 09:00:00', '2025-11-13 09:00:00'),
    (41, 4, 3, '2025-12-14 10:03:00', '2025-12-14 10:03:00'),
    (42, 1, 5, '2025-11-15 11:06:00', '2025-11-15 11:06:00'),
    (43, 3, 4, '2025-12-16 12:09:00', '2025-12-16 12:09:00'),
    (44, 5, 1, '2025-11-17 13:12:00', '2025-11-17 13:12:00'),
    (45, 4, 2, '2025-12-18 14:15:00', '2025-12-18 14:15:00'),
    (45, 1, 3, '2025-12-18 14:15:00', '2025-12-18 14:15:00'),
    (46, 2, 6, '2025-11-19 15:18:00', '2025-11-19 15:18:00'),
    (47, 4, 2, '2025-12-20 16:21:00', '2025-12-20 16:21:00'),
    (48, 1, 3, '2025-11-21 17:24:00', '2025-11-21 17:24:00'),
    (48, 3, 2, '2025-11-21 17:24:00', '2025-11-21 17:24:00'),
    (49, 5, 2, '2025-12-22 18:27:00', '2025-12-22 18:27:00'),
    (50, 5, 1, '2025-11-23 09:30:00', '2025-11-23 09:30:00'),
    (50, 4, 1, '2025-11-23 09:30:00', '2025-11-23 09:30:00'),
    (51, 4, 3, '2025-12-24 10:33:00', '2025-12-24 10:33:00'),
    (52, 1, 5, '2025-11-25 11:36:00', '2025-11-25 11:36:00'),
    (53, 3, 4, '2025-12-26 12:39:00', '2025-12-26 12:39:00'),
    (54, 5, 1, '2025-11-27 13:42:00', '2025-11-27 13:42:00'),
    (55, 4, 2, '2025-12-28 14:45:00', '2025-12-28 14:45:00'),
    (55, 1, 3, '2025-12-28 14:45:00', '2025-12-28 14:45:00'),
    (56, 2, 6, '2025-11-01 15:48:00', '2025-11-01 15:48:00'),
    (57, 4, 2, '2025-12-02 16:51:00', '2025-12-02 16:51:00'),
    (58, 1, 3, '2025-11-03 17:54:00', '2025-11-03 17:54:00'),
    (58, 3, 2, '2025-11-03 17:54:00', '2025-11-03 17:54:00'),
    (59, 5, 2, '2025-12-04 18:57:00', '2025-12-04 18:57:00'),
    (60, 5, 1, '2025-11-05 09:00:00', '2025-11-05 09:00:00'),
    (60, 4, 1, '2025-11-05 09:00:00', '2025-11-05 09:00:00'),
    (61, 4, 3, '2025-12-06 10:03:00', '2025-12-06 10:03:00'),
    (62, 1, 5, '2025-11-07 11:06:00', '2025-11-07 11:06:00'),
    (63, 3, 4, '2025-12-08 12:09:00', '2025-12-08 12:09:00'),
    (64, 5, 1, '2025-11-09 13:12:00', '2025-11-09 13:12:00'),
    (65, 4, 2, '2025-12-10 14:15:00', '2025-12-10 14:15:00'),
    (65, 1, 3, '2025-12-10 14:15:00', '2025-12-10 14:15:00'),
    (66, 2, 6, '2025-11-11 15:18:00', '2025-11-11 15:18:00'),
    (67, 4, 2, '2025-12-12 16:21:00', '2025-12-12 16:21:00'),
    (68, 1, 3, '2025-11-13 17:24:00', '2025-11-13 17:24:00'),
    (68, 3, 2, '2025-11-13 17:24:00', '2025-11-13 17:24:00'),
    (69, 5, 2, '2025-12-14 18:27:00', '2025-12-14 18:27:00'),
    (70, 5, 1, '2025-11-15 09:30:00', '2025-11-15 09:30:00'),
    (70, 4, 1, '2025-11-15 09:30:00', '2025-11-15 09:30:00'),
    (71, 4, 3, '2025-12-16 10:33:00', '2025-12-16 10:33:00'),
    (72, 1, 5, '2025-11-17 11:36:00', '2025-11-17 11:36:00'),
    (73, 3, 4, '2025-12-18 12:39:00', '2025-12-18 12:39:00'),
    (74, 5, 1, '2025-11-19 13:42:00', '2025-11-19 13:42:00'),
    (75, 4, 2, '2025-12-20 14:45:00', '2025-12-20 14:45:00'),
    (75, 1, 3, '2025-12-20 14:45:00', '2025-12-20 14:45:00'),
    (76, 2, 6, '2025-11-21 15:48:00', '2025-11-21 15:48:00');

INSERT INTO order_item_option_tb (order_item_id, laundry_option_id, created_at, updated_at)
VALUES
    (2, 2, '2025-11-03 11:06:00', '2025-11-03 11:06:00'),
    (4, 2, '2025-11-05 13:12:00', '2025-11-05 13:12:00'),
    (5, 5, '2025-12-06 14:15:00', '2025-12-06 14:15:00'),
    (8, 3, '2025-12-08 16:21:00', '2025-12-08 16:21:00'),
    (8, 4, '2025-12-08 16:21:00', '2025-12-08 16:21:00'),
    (9, 2, '2025-11-09 17:24:00', '2025-11-09 17:24:00'),
    (11, 2, '2025-12-10 18:27:00', '2025-12-10 18:27:00'),
    (12, 5, '2025-11-11 09:30:00', '2025-11-11 09:30:00'),
    (13, 5, '2025-12-12 10:33:00', '2025-12-12 10:33:00'),
    (16, 3, '2025-12-14 12:39:00', '2025-12-14 12:39:00'),
    (16, 4, '2025-12-14 12:39:00', '2025-12-14 12:39:00'),
    (17, 2, '2025-11-15 13:42:00', '2025-11-15 13:42:00'),
    (19, 2, '2025-12-16 14:45:00', '2025-12-16 14:45:00'),
    (20, 5, '2025-11-17 15:48:00', '2025-11-17 15:48:00'),
    (21, 1, '2025-12-18 16:51:00', '2025-12-18 16:51:00'),
    (21, 2, '2025-12-18 16:51:00', '2025-12-18 16:51:00'),
    (21, 3, '2025-12-18 16:51:00', '2025-12-18 16:51:00'),
    (21, 4, '2025-12-18 16:51:00', '2025-12-18 16:51:00'),
    (21, 5, '2025-12-18 16:51:00', '2025-12-18 16:51:00'),
    (22, 3, '2025-11-19 17:54:00', '2025-11-19 17:54:00'),
    (22, 5, '2025-11-19 17:54:00', '2025-11-19 17:54:00'),
    (23, 3, '2025-11-19 17:54:00', '2025-11-19 17:54:00'),
    (23, 5, '2025-11-19 17:54:00', '2025-11-19 17:54:00'),
    (24, 3, '2025-12-20 18:57:00', '2025-12-20 18:57:00'),
    (24, 4, '2025-12-20 18:57:00', '2025-12-20 18:57:00'),
    (25, 1, '2025-11-21 09:00:00', '2025-11-21 09:00:00'),
    (25, 2, '2025-11-21 09:00:00', '2025-11-21 09:00:00'),
    (25, 3, '2025-11-21 09:00:00', '2025-11-21 09:00:00'),
    (25, 4, '2025-11-21 09:00:00', '2025-11-21 09:00:00'),
    (25, 5, '2025-11-21 09:00:00', '2025-11-21 09:00:00'),
    (26, 1, '2025-11-21 09:00:00', '2025-11-21 09:00:00'),
    (26, 2, '2025-11-21 09:00:00', '2025-11-21 09:00:00'),
    (26, 3, '2025-11-21 09:00:00', '2025-11-21 09:00:00'),
    (26, 4, '2025-11-21 09:00:00', '2025-11-21 09:00:00'),
    (26, 5, '2025-11-21 09:00:00', '2025-11-21 09:00:00'),
    (27, 3, '2025-12-22 10:03:00', '2025-12-22 10:03:00'),
    (27, 4, '2025-12-22 10:03:00', '2025-12-22 10:03:00'),
    (28, 2, '2025-11-23 11:06:00', '2025-11-23 11:06:00'),
    (28, 3, '2025-11-23 11:06:00', '2025-11-23 11:06:00'),
    (28, 5, '2025-11-23 11:06:00', '2025-11-23 11:06:00'),
    (29, 1, '2025-12-24 12:09:00', '2025-12-24 12:09:00'),
    (29, 3, '2025-12-24 12:09:00', '2025-12-24 12:09:00'),
    (29, 4, '2025-12-24 12:09:00', '2025-12-24 12:09:00'),
    (29, 5, '2025-12-24 12:09:00', '2025-12-24 12:09:00'),
    (30, 1, '2025-11-25 13:12:00', '2025-11-25 13:12:00'),
    (30, 2, '2025-11-25 13:12:00', '2025-11-25 13:12:00'),
    (30, 3, '2025-11-25 13:12:00', '2025-11-25 13:12:00'),
    (30, 4, '2025-11-25 13:12:00', '2025-11-25 13:12:00'),
    (30, 5, '2025-11-25 13:12:00', '2025-11-25 13:12:00'),
    (31, 2, '2025-12-26 14:15:00', '2025-12-26 14:15:00'),
    (31, 3, '2025-12-26 14:15:00', '2025-12-26 14:15:00'),
    (31, 4, '2025-12-26 14:15:00', '2025-12-26 14:15:00'),
    (32, 3, '2025-12-26 14:15:00', '2025-12-26 14:15:00'),
    (32, 5, '2025-12-26 14:15:00', '2025-12-26 14:15:00'),
    (33, 1, '2025-11-27 15:18:00', '2025-11-27 15:18:00'),
    (33, 2, '2025-11-27 15:18:00', '2025-11-27 15:18:00'),
    (33, 3, '2025-11-27 15:18:00', '2025-11-27 15:18:00'),
    (33, 4, '2025-11-27 15:18:00', '2025-11-27 15:18:00'),
    (33, 5, '2025-11-27 15:18:00', '2025-11-27 15:18:00'),
    (34, 1, '2025-12-28 16:21:00', '2025-12-28 16:21:00'),
    (34, 2, '2025-12-28 16:21:00', '2025-12-28 16:21:00'),
    (34, 3, '2025-12-28 16:21:00', '2025-12-28 16:21:00'),
    (34, 4, '2025-12-28 16:21:00', '2025-12-28 16:21:00'),
    (34, 5, '2025-12-28 16:21:00', '2025-12-28 16:21:00'),
    (35, 3, '2025-11-01 17:24:00', '2025-11-01 17:24:00'),
    (35, 5, '2025-11-01 17:24:00', '2025-11-01 17:24:00'),
    (36, 3, '2025-11-01 17:24:00', '2025-11-01 17:24:00'),
    (36, 5, '2025-11-01 17:24:00', '2025-11-01 17:24:00'),
    (37, 3, '2025-12-02 18:27:00', '2025-12-02 18:27:00'),
    (37, 4, '2025-12-02 18:27:00', '2025-12-02 18:27:00'),
    (38, 1, '2025-11-03 09:30:00', '2025-11-03 09:30:00'),
    (38, 2, '2025-11-03 09:30:00', '2025-11-03 09:30:00'),
    (38, 3, '2025-11-03 09:30:00', '2025-11-03 09:30:00'),
    (38, 4, '2025-11-03 09:30:00', '2025-11-03 09:30:00'),
    (38, 5, '2025-11-03 09:30:00', '2025-11-03 09:30:00'),
    (39, 1, '2025-11-03 09:30:00', '2025-11-03 09:30:00'),
    (39, 2, '2025-11-03 09:30:00', '2025-11-03 09:30:00'),
    (39, 3, '2025-11-03 09:30:00', '2025-11-03 09:30:00'),
    (39, 4, '2025-11-03 09:30:00', '2025-11-03 09:30:00'),
    (39, 5, '2025-11-03 09:30:00', '2025-11-03 09:30:00'),
    (40, 3, '2025-12-04 10:33:00', '2025-12-04 10:33:00'),
    (40, 4, '2025-12-04 10:33:00', '2025-12-04 10:33:00'),
    (41, 2, '2025-11-05 11:36:00', '2025-11-05 11:36:00'),
    (41, 3, '2025-11-05 11:36:00', '2025-11-05 11:36:00'),
    (41, 5, '2025-11-05 11:36:00', '2025-11-05 11:36:00'),
    (42, 1, '2025-12-06 12:39:00', '2025-12-06 12:39:00'),
    (42, 3, '2025-12-06 12:39:00', '2025-12-06 12:39:00'),
    (42, 4, '2025-12-06 12:39:00', '2025-12-06 12:39:00'),
    (42, 5, '2025-12-06 12:39:00', '2025-12-06 12:39:00'),
    (43, 1, '2025-11-07 13:42:00', '2025-11-07 13:42:00'),
    (43, 2, '2025-11-07 13:42:00', '2025-11-07 13:42:00'),
    (43, 3, '2025-11-07 13:42:00', '2025-11-07 13:42:00'),
    (43, 4, '2025-11-07 13:42:00', '2025-11-07 13:42:00'),
    (43, 5, '2025-11-07 13:42:00', '2025-11-07 13:42:00'),
    (44, 2, '2025-12-08 14:45:00', '2025-12-08 14:45:00'),
    (44, 3, '2025-12-08 14:45:00', '2025-12-08 14:45:00'),
    (44, 4, '2025-12-08 14:45:00', '2025-12-08 14:45:00'),
    (45, 3, '2025-12-08 14:45:00', '2025-12-08 14:45:00'),
    (45, 5, '2025-12-08 14:45:00', '2025-12-08 14:45:00'),
    (46, 1, '2025-11-09 15:48:00', '2025-11-09 15:48:00'),
    (46, 2, '2025-11-09 15:48:00', '2025-11-09 15:48:00'),
    (46, 3, '2025-11-09 15:48:00', '2025-11-09 15:48:00'),
    (46, 4, '2025-11-09 15:48:00', '2025-11-09 15:48:00'),
    (46, 5, '2025-11-09 15:48:00', '2025-11-09 15:48:00'),
    (47, 1, '2025-12-10 16:51:00', '2025-12-10 16:51:00'),
    (47, 2, '2025-12-10 16:51:00', '2025-12-10 16:51:00'),
    (47, 3, '2025-12-10 16:51:00', '2025-12-10 16:51:00'),
    (47, 4, '2025-12-10 16:51:00', '2025-12-10 16:51:00'),
    (47, 5, '2025-12-10 16:51:00', '2025-12-10 16:51:00'),
    (48, 3, '2025-11-11 17:54:00', '2025-11-11 17:54:00'),
    (48, 5, '2025-11-11 17:54:00', '2025-11-11 17:54:00'),
    (49, 3, '2025-11-11 17:54:00', '2025-11-11 17:54:00'),
    (49, 5, '2025-11-11 17:54:00', '2025-11-11 17:54:00'),
    (50, 3, '2025-12-12 18:57:00', '2025-12-12 18:57:00'),
    (50, 4, '2025-12-12 18:57:00', '2025-12-12 18:57:00'),
    (51, 1, '2025-11-13 09:00:00', '2025-11-13 09:00:00'),
    (51, 2, '2025-11-13 09:00:00', '2025-11-13 09:00:00'),
    (51, 3, '2025-11-13 09:00:00', '2025-11-13 09:00:00'),
    (51, 4, '2025-11-13 09:00:00', '2025-11-13 09:00:00'),
    (51, 5, '2025-11-13 09:00:00', '2025-11-13 09:00:00'),
    (52, 1, '2025-11-13 09:00:00', '2025-11-13 09:00:00'),
    (52, 2, '2025-11-13 09:00:00', '2025-11-13 09:00:00'),
    (52, 3, '2025-11-13 09:00:00', '2025-11-13 09:00:00'),
    (52, 4, '2025-11-13 09:00:00', '2025-11-13 09:00:00'),
    (52, 5, '2025-11-13 09:00:00', '2025-11-13 09:00:00'),
    (53, 3, '2025-12-14 10:03:00', '2025-12-14 10:03:00'),
    (53, 4, '2025-12-14 10:03:00', '2025-12-14 10:03:00'),
    (54, 2, '2025-11-15 11:06:00', '2025-11-15 11:06:00'),
    (54, 3, '2025-11-15 11:06:00', '2025-11-15 11:06:00'),
    (54, 5, '2025-11-15 11:06:00', '2025-11-15 11:06:00'),
    (55, 1, '2025-12-16 12:09:00', '2025-12-16 12:09:00'),
    (55, 3, '2025-12-16 12:09:00', '2025-12-16 12:09:00'),
    (55, 4, '2025-12-16 12:09:00', '2025-12-16 12:09:00'),
    (55, 5, '2025-12-16 12:09:00', '2025-12-16 12:09:00'),
    (56, 1, '2025-11-17 13:12:00', '2025-11-17 13:12:00'),
    (56, 2, '2025-11-17 13:12:00', '2025-11-17 13:12:00'),
    (56, 3, '2025-11-17 13:12:00', '2025-11-17 13:12:00'),
    (56, 4, '2025-11-17 13:12:00', '2025-11-17 13:12:00'),
    (56, 5, '2025-11-17 13:12:00', '2025-11-17 13:12:00'),
    (57, 2, '2025-12-18 14:15:00', '2025-12-18 14:15:00'),
    (57, 3, '2025-12-18 14:15:00', '2025-12-18 14:15:00'),
    (57, 4, '2025-12-18 14:15:00', '2025-12-18 14:15:00'),
    (58, 3, '2025-12-18 14:15:00', '2025-12-18 14:15:00'),
    (58, 5, '2025-12-18 14:15:00', '2025-12-18 14:15:00'),
    (59, 1, '2025-11-19 15:18:00', '2025-11-19 15:18:00'),
    (59, 2, '2025-11-19 15:18:00', '2025-11-19 15:18:00'),
    (59, 3, '2025-11-19 15:18:00', '2025-11-19 15:18:00'),
    (59, 4, '2025-11-19 15:18:00', '2025-11-19 15:18:00'),
    (59, 5, '2025-11-19 15:18:00', '2025-11-19 15:18:00'),
    (60, 1, '2025-12-20 16:21:00', '2025-12-20 16:21:00'),
    (60, 2, '2025-12-20 16:21:00', '2025-12-20 16:21:00'),
    (60, 3, '2025-12-20 16:21:00', '2025-12-20 16:21:00'),
    (60, 4, '2025-12-20 16:21:00', '2025-12-20 16:21:00'),
    (60, 5, '2025-12-20 16:21:00', '2025-12-20 16:21:00'),
    (61, 3, '2025-11-21 17:24:00', '2025-11-21 17:24:00'),
    (61, 5, '2025-11-21 17:24:00', '2025-11-21 17:24:00'),
    (62, 3, '2025-11-21 17:24:00', '2025-11-21 17:24:00'),
    (62, 5, '2025-11-21 17:24:00', '2025-11-21 17:24:00'),
    (63, 3, '2025-12-22 18:27:00', '2025-12-22 18:27:00'),
    (63, 4, '2025-12-22 18:27:00', '2025-12-22 18:27:00'),
    (64, 1, '2025-11-23 09:30:00', '2025-11-23 09:30:00'),
    (64, 2, '2025-11-23 09:30:00', '2025-11-23 09:30:00'),
    (64, 3, '2025-11-23 09:30:00', '2025-11-23 09:30:00'),
    (64, 4, '2025-11-23 09:30:00', '2025-11-23 09:30:00'),
    (64, 5, '2025-11-23 09:30:00', '2025-11-23 09:30:00'),
    (65, 1, '2025-11-23 09:30:00', '2025-11-23 09:30:00'),
    (65, 2, '2025-11-23 09:30:00', '2025-11-23 09:30:00'),
    (65, 3, '2025-11-23 09:30:00', '2025-11-23 09:30:00'),
    (65, 4, '2025-11-23 09:30:00', '2025-11-23 09:30:00'),
    (65, 5, '2025-11-23 09:30:00', '2025-11-23 09:30:00'),
    (66, 3, '2025-12-24 10:33:00', '2025-12-24 10:33:00'),
    (66, 4, '2025-12-24 10:33:00', '2025-12-24 10:33:00'),
    (67, 2, '2025-11-25 11:36:00', '2025-11-25 11:36:00'),
    (67, 3, '2025-11-25 11:36:00', '2025-11-25 11:36:00'),
    (67, 5, '2025-11-25 11:36:00', '2025-11-25 11:36:00'),
    (68, 1, '2025-12-26 12:39:00', '2025-12-26 12:39:00'),
    (68, 3, '2025-12-26 12:39:00', '2025-12-26 12:39:00'),
    (68, 4, '2025-12-26 12:39:00', '2025-12-26 12:39:00'),
    (68, 5, '2025-12-26 12:39:00', '2025-12-26 12:39:00'),
    (69, 1, '2025-11-27 13:42:00', '2025-11-27 13:42:00'),
    (69, 2, '2025-11-27 13:42:00', '2025-11-27 13:42:00'),
    (69, 3, '2025-11-27 13:42:00', '2025-11-27 13:42:00'),
    (69, 4, '2025-11-27 13:42:00', '2025-11-27 13:42:00'),
    (69, 5, '2025-11-27 13:42:00', '2025-11-27 13:42:00'),
    (70, 2, '2025-12-28 14:45:00', '2025-12-28 14:45:00'),
    (70, 3, '2025-12-28 14:45:00', '2025-12-28 14:45:00'),
    (70, 4, '2025-12-28 14:45:00', '2025-12-28 14:45:00'),
    (71, 3, '2025-12-28 14:45:00', '2025-12-28 14:45:00'),
    (71, 5, '2025-12-28 14:45:00', '2025-12-28 14:45:00'),
    (72, 1, '2025-11-01 15:48:00', '2025-11-01 15:48:00'),
    (72, 2, '2025-11-01 15:48:00', '2025-11-01 15:48:00'),
    (72, 3, '2025-11-01 15:48:00', '2025-11-01 15:48:00'),
    (72, 4, '2025-11-01 15:48:00', '2025-11-01 15:48:00'),
    (72, 5, '2025-11-01 15:48:00', '2025-11-01 15:48:00'),
    (73, 1, '2025-12-02 16:51:00', '2025-12-02 16:51:00'),
    (73, 2, '2025-12-02 16:51:00', '2025-12-02 16:51:00'),
    (73, 3, '2025-12-02 16:51:00', '2025-12-02 16:51:00'),
    (73, 4, '2025-12-02 16:51:00', '2025-12-02 16:51:00'),
    (73, 5, '2025-12-02 16:51:00', '2025-12-02 16:51:00'),
    (74, 3, '2025-11-03 17:54:00', '2025-11-03 17:54:00'),
    (74, 5, '2025-11-03 17:54:00', '2025-11-03 17:54:00'),
    (75, 3, '2025-11-03 17:54:00', '2025-11-03 17:54:00'),
    (75, 5, '2025-11-03 17:54:00', '2025-11-03 17:54:00'),
    (76, 3, '2025-12-04 18:57:00', '2025-12-04 18:57:00'),
    (76, 4, '2025-12-04 18:57:00', '2025-12-04 18:57:00'),
    (77, 1, '2025-11-05 09:00:00', '2025-11-05 09:00:00'),
    (77, 2, '2025-11-05 09:00:00', '2025-11-05 09:00:00'),
    (77, 3, '2025-11-05 09:00:00', '2025-11-05 09:00:00'),
    (77, 4, '2025-11-05 09:00:00', '2025-11-05 09:00:00'),
    (77, 5, '2025-11-05 09:00:00', '2025-11-05 09:00:00'),
    (78, 1, '2025-11-05 09:00:00', '2025-11-05 09:00:00'),
    (78, 2, '2025-11-05 09:00:00', '2025-11-05 09:00:00'),
    (78, 3, '2025-11-05 09:00:00', '2025-11-05 09:00:00'),
    (78, 4, '2025-11-05 09:00:00', '2025-11-05 09:00:00'),
    (78, 5, '2025-11-05 09:00:00', '2025-11-05 09:00:00'),
    (79, 3, '2025-12-06 10:03:00', '2025-12-06 10:03:00'),
    (79, 4, '2025-12-06 10:03:00', '2025-12-06 10:03:00'),
    (80, 2, '2025-11-07 11:06:00', '2025-11-07 11:06:00'),
    (80, 3, '2025-11-07 11:06:00', '2025-11-07 11:06:00'),
    (80, 5, '2025-11-07 11:06:00', '2025-11-07 11:06:00'),
    (81, 1, '2025-12-08 12:09:00', '2025-12-08 12:09:00'),
    (81, 3, '2025-12-08 12:09:00', '2025-12-08 12:09:00'),
    (81, 4, '2025-12-08 12:09:00', '2025-12-08 12:09:00'),
    (81, 5, '2025-12-08 12:09:00', '2025-12-08 12:09:00'),
    (82, 1, '2025-11-09 13:12:00', '2025-11-09 13:12:00'),
    (82, 2, '2025-11-09 13:12:00', '2025-11-09 13:12:00'),
    (82, 3, '2025-11-09 13:12:00', '2025-11-09 13:12:00'),
    (82, 4, '2025-11-09 13:12:00', '2025-11-09 13:12:00'),
    (82, 5, '2025-11-09 13:12:00', '2025-11-09 13:12:00'),
    (83, 2, '2025-12-10 14:15:00', '2025-12-10 14:15:00'),
    (83, 3, '2025-12-10 14:15:00', '2025-12-10 14:15:00'),
    (83, 4, '2025-12-10 14:15:00', '2025-12-10 14:15:00'),
    (84, 3, '2025-12-10 14:15:00', '2025-12-10 14:15:00'),
    (84, 5, '2025-12-10 14:15:00', '2025-12-10 14:15:00'),
    (85, 1, '2025-11-11 15:18:00', '2025-11-11 15:18:00'),
    (85, 2, '2025-11-11 15:18:00', '2025-11-11 15:18:00'),
    (85, 3, '2025-11-11 15:18:00', '2025-11-11 15:18:00'),
    (85, 4, '2025-11-11 15:18:00', '2025-11-11 15:18:00'),
    (85, 5, '2025-11-11 15:18:00', '2025-11-11 15:18:00'),
    (86, 1, '2025-12-12 16:21:00', '2025-12-12 16:21:00'),
    (86, 2, '2025-12-12 16:21:00', '2025-12-12 16:21:00'),
    (86, 3, '2025-12-12 16:21:00', '2025-12-12 16:21:00'),
    (86, 4, '2025-12-12 16:21:00', '2025-12-12 16:21:00'),
    (86, 5, '2025-12-12 16:21:00', '2025-12-12 16:21:00'),
    (87, 3, '2025-11-13 17:24:00', '2025-11-13 17:24:00'),
    (87, 5, '2025-11-13 17:24:00', '2025-11-13 17:24:00'),
    (88, 3, '2025-11-13 17:24:00', '2025-11-13 17:24:00'),
    (88, 5, '2025-11-13 17:24:00', '2025-11-13 17:24:00'),
    (89, 3, '2025-12-14 18:27:00', '2025-12-14 18:27:00'),
    (89, 4, '2025-12-14 18:27:00', '2025-12-14 18:27:00'),
    (90, 1, '2025-11-15 09:30:00', '2025-11-15 09:30:00'),
    (90, 2, '2025-11-15 09:30:00', '2025-11-15 09:30:00'),
    (90, 3, '2025-11-15 09:30:00', '2025-11-15 09:30:00'),
    (90, 4, '2025-11-15 09:30:00', '2025-11-15 09:30:00'),
    (90, 5, '2025-11-15 09:30:00', '2025-11-15 09:30:00'),
    (91, 1, '2025-11-15 09:30:00', '2025-11-15 09:30:00'),
    (91, 2, '2025-11-15 09:30:00', '2025-11-15 09:30:00'),
    (91, 3, '2025-11-15 09:30:00', '2025-11-15 09:30:00'),
    (91, 4, '2025-11-15 09:30:00', '2025-11-15 09:30:00'),
    (91, 5, '2025-11-15 09:30:00', '2025-11-15 09:30:00'),
    (92, 3, '2025-12-16 10:33:00', '2025-12-16 10:33:00'),
    (92, 4, '2025-12-16 10:33:00', '2025-12-16 10:33:00'),
    (93, 2, '2025-11-17 11:36:00', '2025-11-17 11:36:00'),
    (93, 3, '2025-11-17 11:36:00', '2025-11-17 11:36:00'),
    (93, 5, '2025-11-17 11:36:00', '2025-11-17 11:36:00'),
    (94, 1, '2025-12-18 12:39:00', '2025-12-18 12:39:00'),
    (94, 3, '2025-12-18 12:39:00', '2025-12-18 12:39:00'),
    (94, 4, '2025-12-18 12:39:00', '2025-12-18 12:39:00'),
    (94, 5, '2025-12-18 12:39:00', '2025-12-18 12:39:00'),
    (95, 1, '2025-11-19 13:42:00', '2025-11-19 13:42:00'),
    (95, 2, '2025-11-19 13:42:00', '2025-11-19 13:42:00'),
    (95, 3, '2025-11-19 13:42:00', '2025-11-19 13:42:00'),
    (95, 4, '2025-11-19 13:42:00', '2025-11-19 13:42:00'),
    (95, 5, '2025-11-19 13:42:00', '2025-11-19 13:42:00'),
    (96, 2, '2025-12-20 14:45:00', '2025-12-20 14:45:00'),
    (96, 3, '2025-12-20 14:45:00', '2025-12-20 14:45:00'),
    (96, 4, '2025-12-20 14:45:00', '2025-12-20 14:45:00'),
    (97, 3, '2025-12-20 14:45:00', '2025-12-20 14:45:00'),
    (97, 5, '2025-12-20 14:45:00', '2025-12-20 14:45:00'),
    (98, 1, '2025-11-21 15:48:00', '2025-11-21 15:48:00'),
    (98, 2, '2025-11-21 15:48:00', '2025-11-21 15:48:00'),
    (98, 3, '2025-11-21 15:48:00', '2025-11-21 15:48:00'),
    (98, 4, '2025-11-21 15:48:00', '2025-11-21 15:48:00'),
    (98, 5, '2025-11-21 15:48:00', '2025-11-21 15:48:00');

INSERT INTO order_status_history_tb (order_id, status, editor_id, created_at)
VALUES
    (1, 'RECEIVED', 3, '2025-12-02 01:03:00'),
    (1, 'WASHING', 3, '2025-12-03 01:03:00'),
    (2, 'RECEIVED', 4, '2025-11-03 02:06:00'),
    (2, 'WASHING', 4, '2025-11-04 02:06:00'),
    (2, 'DRYING', 4, '2025-11-05 02:06:00'),
    (2, 'COMPLETED', 4, '2025-11-06 02:06:00'),
    (3, 'RECEIVED', 5, '2025-12-04 03:09:00'),
    (3, 'WASHING', 5, '2025-12-05 03:09:00'),
    (3, 'DRYING', 5, '2025-12-06 03:09:00'),
    (3, 'COMPLETED', 5, '2025-12-07 03:09:00'),
    (4, 'RECEIVED', 6, '2025-11-05 04:12:00'),
    (4, 'WASHING', 6, '2025-11-06 04:12:00'),
    (4, 'DRYING', 6, '2025-11-07 04:12:00'),
    (4, 'COMPLETED', 6, '2025-11-08 04:12:00'),
    (5, 'RECEIVED', 2, '2025-12-06 05:15:00'),
    (5, 'WASHING', 2, '2025-12-07 05:15:00'),
    (5, 'DRYING', 2, '2025-12-08 05:15:00'),
    (5, 'COMPLETED', 2, '2025-12-09 05:15:00'),
    (6, 'RECEIVED', 3, '2025-11-07 06:18:00'),
    (6, 'WASHING', 3, '2025-11-08 06:18:00'),
    (6, 'DRYING', 3, '2025-11-09 06:18:00'),
    (6, 'COMPLETED', 3, '2025-11-10 06:18:00'),
    (7, 'RECEIVED', 4, '2025-12-08 07:21:00'),
    (7, 'WASHING', 4, '2025-12-09 07:21:00'),
    (7, 'DRYING', 4, '2025-12-10 07:21:00'),
    (7, 'COMPLETED', 4, '2025-12-11 07:21:00'),
    (8, 'RECEIVED', 5, '2025-11-09 08:24:00'),
    (8, 'WASHING', 5, '2025-11-10 08:24:00'),
    (8, 'DRYING', 5, '2025-11-11 08:24:00'),
    (8, 'COMPLETED', 5, '2025-11-12 08:24:00'),
    (9, 'RECEIVED', 6, '2025-12-10 09:27:00'),
    (9, 'WASHING', 6, '2025-12-11 09:27:00'),
    (9, 'DRYING', 6, '2025-12-12 09:27:00'),
    (9, 'COMPLETED', 6, '2025-12-13 09:27:00'),
    (10, 'RECEIVED', 2, '2025-11-11 00:30:00'),
    (10, 'WASHING', 2, '2025-11-12 00:30:00'),
    (10, 'DRYING', 2, '2025-11-13 00:30:00'),
    (11, 'RECEIVED', 3, '2025-12-12 01:33:00'),
    (11, 'WASHING', 3, '2025-12-13 01:33:00'),
    (12, 'RECEIVED', 4, '2025-11-13 02:36:00'),
    (12, 'WASHING', 4, '2025-11-14 02:36:00'),
    (12, 'DRYING', 4, '2025-11-15 02:36:00'),
    (12, 'COMPLETED', 4, '2025-11-16 02:36:00'),
    (13, 'RECEIVED', 5, '2025-12-14 03:39:00'),
    (13, 'WASHING', 5, '2025-12-15 03:39:00'),
    (13, 'DRYING', 5, '2025-12-16 03:39:00'),
    (13, 'COMPLETED', 5, '2025-12-17 03:39:00'),
    (14, 'RECEIVED', 6, '2025-11-15 04:42:00'),
    (14, 'WASHING', 6, '2025-11-16 04:42:00'),
    (14, 'DRYING', 6, '2025-11-17 04:42:00'),
    (14, 'COMPLETED', 6, '2025-11-18 04:42:00'),
    (15, 'RECEIVED', 2, '2025-12-16 05:45:00'),
    (15, 'WASHING', 2, '2025-12-17 05:45:00'),
    (15, 'DRYING', 2, '2025-12-18 05:45:00'),
    (15, 'COMPLETED', 2, '2025-12-19 05:45:00'),
    (16, 'RECEIVED', 3, '2025-11-17 06:48:00'),
    (16, 'WASHING', 3, '2025-11-18 06:48:00'),
    (16, 'DRYING', 3, '2025-11-19 06:48:00'),
    (16, 'COMPLETED', 3, '2025-11-20 06:48:00'),
    (17, 'RECEIVED', 4, '2025-12-18 07:51:00'),
    (17, 'WASHING', 4, '2025-12-19 07:51:00'),
    (17, 'DRYING', 4, '2025-12-20 07:51:00'),
    (17, 'COMPLETED', 4, '2025-12-21 07:51:00'),
    (18, 'RECEIVED', 5, '2025-11-19 08:54:00'),
    (18, 'WASHING', 5, '2025-11-20 08:54:00'),
    (18, 'DRYING', 5, '2025-11-21 08:54:00'),
    (18, 'COMPLETED', 5, '2025-11-22 08:54:00'),
    (19, 'RECEIVED', 6, '2025-12-20 09:57:00'),
    (19, 'WASHING', 6, '2025-12-21 09:57:00'),
    (19, 'DRYING', 6, '2025-12-22 09:57:00'),
    (19, 'COMPLETED', 6, '2025-12-23 09:57:00'),
    (20, 'RECEIVED', 2, '2025-11-21 00:00:00'),
    (20, 'WASHING', 2, '2025-11-22 00:00:00'),
    (20, 'DRYING', 2, '2025-11-23 00:00:00'),
    (21, 'RECEIVED', 3, '2025-12-22 01:03:00'),
    (21, 'WASHING', 3, '2025-12-23 01:03:00'),
    (22, 'RECEIVED', 4, '2025-11-23 02:06:00'),
    (22, 'WASHING', 4, '2025-11-24 02:06:00'),
    (22, 'DRYING', 4, '2025-11-25 02:06:00'),
    (22, 'COMPLETED', 4, '2025-11-26 02:06:00'),
    (23, 'RECEIVED', 5, '2025-12-24 03:09:00'),
    (23, 'WASHING', 5, '2025-12-25 03:09:00'),
    (23, 'DRYING', 5, '2025-12-26 03:09:00'),
    (23, 'COMPLETED', 5, '2025-12-27 03:09:00'),
    (24, 'RECEIVED', 6, '2025-11-25 04:12:00'),
    (24, 'WASHING', 6, '2025-11-26 04:12:00'),
    (24, 'DRYING', 6, '2025-11-27 04:12:00'),
    (24, 'COMPLETED', 6, '2025-11-28 04:12:00'),
    (25, 'RECEIVED', 2, '2025-12-26 05:15:00'),
    (25, 'WASHING', 2, '2025-12-27 05:15:00'),
    (25, 'DRYING', 2, '2025-12-28 05:15:00'),
    (25, 'COMPLETED', 2, '2025-12-29 05:15:00'),
    (26, 'RECEIVED', 3, '2025-11-27 06:18:00'),
    (26, 'WASHING', 3, '2025-11-28 06:18:00'),
    (26, 'DRYING', 3, '2025-11-29 06:18:00'),
    (26, 'COMPLETED', 3, '2025-11-30 06:18:00'),
    (27, 'RECEIVED', 4, '2025-12-28 07:21:00'),
    (27, 'WASHING', 4, '2025-12-29 07:21:00'),
    (27, 'DRYING', 4, '2025-12-30 07:21:00'),
    (27, 'COMPLETED', 4, '2025-12-31 07:21:00'),
    (28, 'RECEIVED', 5, '2025-11-01 08:24:00'),
    (28, 'WASHING', 5, '2025-11-02 08:24:00'),
    (28, 'DRYING', 5, '2025-11-03 08:24:00'),
    (28, 'COMPLETED', 5, '2025-11-04 08:24:00'),
    (29, 'RECEIVED', 6, '2025-12-02 09:27:00'),
    (29, 'WASHING', 6, '2025-12-03 09:27:00'),
    (29, 'DRYING', 6, '2025-12-04 09:27:00'),
    (29, 'COMPLETED', 6, '2025-12-05 09:27:00'),
    (30, 'RECEIVED', 2, '2025-11-03 00:30:00'),
    (30, 'WASHING', 2, '2025-11-04 00:30:00'),
    (30, 'DRYING', 2, '2025-11-05 00:30:00'),
    (31, 'RECEIVED', 3, '2025-12-04 01:33:00'),
    (31, 'WASHING', 3, '2025-12-05 01:33:00'),
    (32, 'RECEIVED', 4, '2025-11-05 02:36:00'),
    (32, 'WASHING', 4, '2025-11-06 02:36:00'),
    (32, 'DRYING', 4, '2025-11-07 02:36:00'),
    (32, 'COMPLETED', 4, '2025-11-08 02:36:00'),
    (33, 'RECEIVED', 5, '2025-12-06 03:39:00'),
    (33, 'WASHING', 5, '2025-12-07 03:39:00'),
    (33, 'DRYING', 5, '2025-12-08 03:39:00'),
    (33, 'COMPLETED', 5, '2025-12-09 03:39:00'),
    (34, 'RECEIVED', 6, '2025-11-07 04:42:00'),
    (34, 'WASHING', 6, '2025-11-08 04:42:00'),
    (34, 'DRYING', 6, '2025-11-09 04:42:00'),
    (34, 'COMPLETED', 6, '2025-11-10 04:42:00'),
    (35, 'RECEIVED', 2, '2025-12-08 05:45:00'),
    (35, 'WASHING', 2, '2025-12-09 05:45:00'),
    (35, 'DRYING', 2, '2025-12-10 05:45:00'),
    (35, 'COMPLETED', 2, '2025-12-11 05:45:00'),
    (36, 'RECEIVED', 3, '2025-11-09 06:48:00'),
    (36, 'WASHING', 3, '2025-11-10 06:48:00'),
    (36, 'DRYING', 3, '2025-11-11 06:48:00'),
    (36, 'COMPLETED', 3, '2025-11-12 06:48:00'),
    (37, 'RECEIVED', 4, '2025-12-10 07:51:00'),
    (37, 'WASHING', 4, '2025-12-11 07:51:00'),
    (37, 'DRYING', 4, '2025-12-12 07:51:00'),
    (37, 'COMPLETED', 4, '2025-12-13 07:51:00'),
    (38, 'RECEIVED', 5, '2025-11-11 08:54:00'),
    (38, 'WASHING', 5, '2025-11-12 08:54:00'),
    (38, 'DRYING', 5, '2025-11-13 08:54:00'),
    (38, 'COMPLETED', 5, '2025-11-14 08:54:00'),
    (39, 'RECEIVED', 6, '2025-12-12 09:57:00'),
    (39, 'WASHING', 6, '2025-12-13 09:57:00'),
    (39, 'DRYING', 6, '2025-12-14 09:57:00'),
    (39, 'COMPLETED', 6, '2025-12-15 09:57:00'),
    (40, 'RECEIVED', 2, '2025-11-13 00:00:00'),
    (40, 'WASHING', 2, '2025-11-14 00:00:00'),
    (40, 'DRYING', 2, '2025-11-15 00:00:00'),
    (41, 'RECEIVED', 3, '2025-12-14 01:03:00'),
    (41, 'WASHING', 3, '2025-12-15 01:03:00'),
    (42, 'RECEIVED', 4, '2025-11-15 02:06:00'),
    (42, 'WASHING', 4, '2025-11-16 02:06:00'),
    (42, 'DRYING', 4, '2025-11-17 02:06:00'),
    (42, 'COMPLETED', 4, '2025-11-18 02:06:00'),
    (43, 'RECEIVED', 5, '2025-12-16 03:09:00'),
    (43, 'WASHING', 5, '2025-12-17 03:09:00'),
    (43, 'DRYING', 5, '2025-12-18 03:09:00'),
    (43, 'COMPLETED', 5, '2025-12-19 03:09:00'),
    (44, 'RECEIVED', 6, '2025-11-17 04:12:00'),
    (44, 'WASHING', 6, '2025-11-18 04:12:00'),
    (44, 'DRYING', 6, '2025-11-19 04:12:00'),
    (44, 'COMPLETED', 6, '2025-11-20 04:12:00'),
    (45, 'RECEIVED', 2, '2025-12-18 05:15:00'),
    (45, 'WASHING', 2, '2025-12-19 05:15:00'),
    (45, 'DRYING', 2, '2025-12-20 05:15:00'),
    (45, 'COMPLETED', 2, '2025-12-21 05:15:00'),
    (46, 'RECEIVED', 3, '2025-11-19 06:18:00'),
    (46, 'WASHING', 3, '2025-11-20 06:18:00'),
    (46, 'DRYING', 3, '2025-11-21 06:18:00'),
    (46, 'COMPLETED', 3, '2025-11-22 06:18:00'),
    (47, 'RECEIVED', 4, '2025-12-20 07:21:00'),
    (47, 'WASHING', 4, '2025-12-21 07:21:00'),
    (47, 'DRYING', 4, '2025-12-22 07:21:00'),
    (47, 'COMPLETED', 4, '2025-12-23 07:21:00'),
    (48, 'RECEIVED', 5, '2025-11-21 08:24:00'),
    (48, 'WASHING', 5, '2025-11-22 08:24:00'),
    (48, 'DRYING', 5, '2025-11-23 08:24:00'),
    (48, 'COMPLETED', 5, '2025-11-24 08:24:00'),
    (49, 'RECEIVED', 6, '2025-12-22 09:27:00'),
    (49, 'WASHING', 6, '2025-12-23 09:27:00'),
    (49, 'DRYING', 6, '2025-12-24 09:27:00'),
    (49, 'COMPLETED', 6, '2025-12-25 09:27:00'),
    (50, 'RECEIVED', 2, '2025-11-23 00:30:00'),
    (50, 'WASHING', 2, '2025-11-24 00:30:00'),
    (50, 'DRYING', 2, '2025-11-25 00:30:00'),
    (51, 'RECEIVED', 3, '2025-12-24 01:33:00'),
    (51, 'WASHING', 3, '2025-12-25 01:33:00'),
    (52, 'RECEIVED', 4, '2025-11-25 02:36:00'),
    (52, 'WASHING', 4, '2025-11-26 02:36:00'),
    (52, 'DRYING', 4, '2025-11-27 02:36:00'),
    (52, 'COMPLETED', 4, '2025-11-28 02:36:00'),
    (53, 'RECEIVED', 5, '2025-12-26 03:39:00'),
    (53, 'WASHING', 5, '2025-12-27 03:39:00'),
    (53, 'DRYING', 5, '2025-12-28 03:39:00'),
    (53, 'COMPLETED', 5, '2025-12-29 03:39:00'),
    (54, 'RECEIVED', 6, '2025-11-27 04:42:00'),
    (54, 'WASHING', 6, '2025-11-28 04:42:00'),
    (54, 'DRYING', 6, '2025-11-29 04:42:00'),
    (54, 'COMPLETED', 6, '2025-11-30 04:42:00'),
    (55, 'RECEIVED', 2, '2025-12-28 05:45:00'),
    (55, 'WASHING', 2, '2025-12-29 05:45:00'),
    (55, 'DRYING', 2, '2025-12-30 05:45:00'),
    (55, 'COMPLETED', 2, '2025-12-31 05:45:00'),
    (56, 'RECEIVED', 3, '2025-11-01 06:48:00'),
    (56, 'WASHING', 3, '2025-11-02 06:48:00'),
    (56, 'DRYING', 3, '2025-11-03 06:48:00'),
    (56, 'COMPLETED', 3, '2025-11-04 06:48:00'),
    (57, 'RECEIVED', 4, '2025-12-02 07:51:00'),
    (57, 'WASHING', 4, '2025-12-03 07:51:00'),
    (57, 'DRYING', 4, '2025-12-04 07:51:00'),
    (57, 'COMPLETED', 4, '2025-12-05 07:51:00'),
    (58, 'RECEIVED', 5, '2025-11-03 08:54:00'),
    (58, 'WASHING', 5, '2025-11-04 08:54:00'),
    (58, 'DRYING', 5, '2025-11-05 08:54:00'),
    (58, 'COMPLETED', 5, '2025-11-06 08:54:00'),
    (59, 'RECEIVED', 6, '2025-12-04 09:57:00'),
    (59, 'WASHING', 6, '2025-12-05 09:57:00'),
    (59, 'DRYING', 6, '2025-12-06 09:57:00'),
    (59, 'COMPLETED', 6, '2025-12-07 09:57:00'),
    (60, 'RECEIVED', 2, '2025-11-05 00:00:00'),
    (60, 'WASHING', 2, '2025-11-06 00:00:00'),
    (60, 'DRYING', 2, '2025-11-07 00:00:00'),
    (61, 'RECEIVED', 3, '2025-12-06 01:03:00'),
    (61, 'WASHING', 3, '2025-12-07 01:03:00'),
    (62, 'RECEIVED', 4, '2025-11-07 02:06:00'),
    (62, 'WASHING', 4, '2025-11-08 02:06:00'),
    (62, 'DRYING', 4, '2025-11-09 02:06:00'),
    (62, 'COMPLETED', 4, '2025-11-10 02:06:00'),
    (63, 'RECEIVED', 5, '2025-12-08 03:09:00'),
    (63, 'WASHING', 5, '2025-12-09 03:09:00'),
    (63, 'DRYING', 5, '2025-12-10 03:09:00'),
    (63, 'COMPLETED', 5, '2025-12-11 03:09:00'),
    (64, 'RECEIVED', 6, '2025-11-09 04:12:00'),
    (64, 'WASHING', 6, '2025-11-10 04:12:00'),
    (64, 'DRYING', 6, '2025-11-11 04:12:00'),
    (64, 'COMPLETED', 6, '2025-11-12 04:12:00'),
    (65, 'RECEIVED', 2, '2025-12-10 05:15:00'),
    (65, 'WASHING', 2, '2025-12-11 05:15:00'),
    (65, 'DRYING', 2, '2025-12-12 05:15:00'),
    (65, 'COMPLETED', 2, '2025-12-13 05:15:00'),
    (66, 'RECEIVED', 3, '2025-11-11 06:18:00'),
    (66, 'WASHING', 3, '2025-11-12 06:18:00'),
    (66, 'DRYING', 3, '2025-11-13 06:18:00'),
    (66, 'COMPLETED', 3, '2025-11-14 06:18:00'),
    (67, 'RECEIVED', 4, '2025-12-12 07:21:00'),
    (67, 'WASHING', 4, '2025-12-13 07:21:00'),
    (67, 'DRYING', 4, '2025-12-14 07:21:00'),
    (67, 'COMPLETED', 4, '2025-12-15 07:21:00'),
    (68, 'RECEIVED', 5, '2025-11-13 08:24:00'),
    (68, 'WASHING', 5, '2025-11-14 08:24:00'),
    (68, 'DRYING', 5, '2025-11-15 08:24:00'),
    (68, 'COMPLETED', 5, '2025-11-16 08:24:00'),
    (69, 'RECEIVED', 6, '2025-12-14 09:27:00'),
    (69, 'WASHING', 6, '2025-12-15 09:27:00'),
    (69, 'DRYING', 6, '2025-12-16 09:27:00'),
    (69, 'COMPLETED', 6, '2025-12-17 09:27:00'),
    (70, 'RECEIVED', 2, '2025-11-15 00:30:00'),
    (70, 'WASHING', 2, '2025-11-16 00:30:00'),
    (70, 'DRYING', 2, '2025-11-17 00:30:00'),
    (71, 'RECEIVED', 3, '2025-12-16 01:33:00'),
    (71, 'WASHING', 3, '2025-12-17 01:33:00'),
    (72, 'RECEIVED', 4, '2025-11-17 02:36:00'),
    (72, 'WASHING', 4, '2025-11-18 02:36:00'),
    (72, 'DRYING', 4, '2025-11-19 02:36:00'),
    (72, 'COMPLETED', 4, '2025-11-20 02:36:00'),
    (73, 'RECEIVED', 5, '2025-12-18 03:39:00'),
    (73, 'WASHING', 5, '2025-12-19 03:39:00'),
    (73, 'DRYING', 5, '2025-12-20 03:39:00'),
    (73, 'COMPLETED', 5, '2025-12-21 03:39:00'),
    (74, 'RECEIVED', 6, '2025-11-19 04:42:00'),
    (74, 'WASHING', 6, '2025-11-20 04:42:00'),
    (74, 'DRYING', 6, '2025-11-21 04:42:00'),
    (74, 'COMPLETED', 6, '2025-11-22 04:42:00'),
    (75, 'RECEIVED', 2, '2025-12-20 05:45:00'),
    (75, 'WASHING', 2, '2025-12-21 05:45:00'),
    (75, 'DRYING', 2, '2025-12-22 05:45:00'),
    (75, 'COMPLETED', 2, '2025-12-23 05:45:00'),
    (76, 'RECEIVED', 3, '2025-11-21 06:48:00'),
    (76, 'WASHING', 3, '2025-11-22 06:48:00'),
    (76, 'DRYING', 3, '2025-11-23 06:48:00'),
    (76, 'COMPLETED', 3, '2025-11-24 06:48:00');

-- 결제 데이터 삽입
INSERT INTO payment_tb (order_id, imp_uid, merchant_uid, amount, payment_status, created_at, updated_at)
VALUES
    (1, 'imp_20251202100300001', 'merchant_ORDER_1_20251202100300', 6000, 'PAID', '2025-12-02 10:03:00', '2025-12-02 10:03:00'),
    (2, 'imp_20251103110600002', 'merchant_ORDER_2_20251103110600', 4500, 'PAID', '2025-11-03 11:06:00', '2025-11-03 11:06:00'),
    (3, 'imp_20251204120900003', 'merchant_ORDER_3_20251204120900', 6000, 'PAID', '2025-12-04 12:09:00', '2025-12-04 12:09:00'),
    (4, 'imp_20251105131200004', 'merchant_ORDER_4_20251105131200', 4500, 'PAID', '2025-11-05 13:12:00', '2025-11-05 13:12:00'),
    (5, 'imp_20251206141500005', 'merchant_ORDER_5_20251206141500', 10000, 'PAID', '2025-12-06 14:15:00', '2025-12-06 14:15:00'),
    (6, 'imp_20251107151800006', 'merchant_ORDER_6_20251107151800', 8000, 'PAID', '2025-11-07 15:18:00', '2025-11-07 15:18:00'),
    (7, 'imp_20251208162100007', 'merchant_ORDER_7_20251208162100', 12000, 'PAID', '2025-12-08 16:21:00', '2025-12-08 16:21:00'),
    (8, 'imp_20251109172400008', 'merchant_ORDER_8_20251109172400', 12000, 'PAID', '2025-11-09 17:24:00', '2025-11-09 17:24:00'),
    (9, 'imp_20251210182700009', 'merchant_ORDER_9_20251210182700', 11000, 'PAID', '2025-12-10 18:27:00', '2025-12-10 18:27:00'),
    (10, 'imp_20251111093000010', 'merchant_ORDER_10_20251111093000', 12000, 'PAID', '2025-11-11 09:30:00', '2025-11-11 09:30:00'),
    (11, 'imp_20251212103300011', 'merchant_ORDER_11_20251212103300', 10000, 'PAID', '2025-12-12 10:33:00', '2025-12-12 10:33:00'),
    (12, 'imp_20251113113600012', 'merchant_ORDER_12_20251113113600', 8000, 'PAID', '2025-11-13 11:36:00', '2025-11-13 11:36:00'),
    (13, 'imp_20251214123900013', 'merchant_ORDER_13_20251214123900', 12000, 'PAID', '2025-12-14 12:39:00', '2025-12-14 12:39:00'),
    (14, 'imp_20251115134200014', 'merchant_ORDER_14_20251115134200', 12000, 'PAID', '2025-11-15 13:42:00', '2025-11-15 13:42:00'),
    (15, 'imp_20251216144500015', 'merchant_ORDER_15_20251216144500', 11000, 'PAID', '2025-12-16 14:45:00', '2025-12-16 14:45:00'),
    (16, 'imp_20251117154800016', 'merchant_ORDER_16_20251117154800', 12000, 'PAID', '2025-11-17 15:48:00', '2025-11-17 15:48:00'),
    (17, 'imp_20251218165100017', 'merchant_ORDER_17_20251218165100', 26000, 'PAID', '2025-12-18 16:51:00', '2025-12-18 16:51:00'),
    (18, 'imp_20251119175400018', 'merchant_ORDER_18_20251119175400', 25000, 'PAID', '2025-11-19 17:54:00', '2025-11-19 17:54:00'),
    (19, 'imp_20251220185700019', 'merchant_ORDER_19_20251220185700', 28000, 'PAID', '2025-12-20 18:57:00', '2025-12-20 18:57:00'),
    (20, 'imp_20251121090000020', 'merchant_ORDER_20_20251121090000', 40000, 'PAID', '2025-11-21 09:00:00', '2025-11-21 09:00:00'),
    (21, 'imp_20251222100300021', 'merchant_ORDER_21_20251222100300', 28000, 'PAID', '2025-12-22 10:03:00', '2025-12-22 10:03:00'),
    (22, 'imp_20251123110600022', 'merchant_ORDER_22_20251123110600', 21000, 'PAID', '2025-11-23 11:06:00', '2025-11-23 11:06:00'),
    (23, 'imp_20251224120900023', 'merchant_ORDER_23_20251224120900', 24000, 'PAID', '2025-12-24 12:09:00', '2025-12-24 12:09:00'),
    (24, 'imp_20251125131200024', 'merchant_ORDER_24_20251125131200', 22000, 'PAID', '2025-11-25 13:12:00', '2025-11-25 13:12:00'),
    (25, 'imp_20251226141500025', 'merchant_ORDER_25_20251226141500', 35000, 'PAID', '2025-12-26 14:15:00', '2025-12-26 14:15:00'),
    (26, 'imp_20251127151800026', 'merchant_ORDER_26_20251127151800', 25000, 'PAID', '2025-11-27 15:18:00', '2025-11-27 15:18:00'),
    (27, 'imp_20251228162100027', 'merchant_ORDER_27_20251228162100', 26000, 'PAID', '2025-12-28 16:21:00', '2025-12-28 16:21:00'),
    (28, 'imp_20251101172400028', 'merchant_ORDER_28_20251101172400', 25000, 'PAID', '2025-11-01 17:24:00', '2025-11-01 17:24:00'),
    (29, 'imp_20251202182700029', 'merchant_ORDER_29_20251202182700', 28000, 'PAID', '2025-12-02 18:27:00', '2025-12-02 18:27:00'),
    (30, 'imp_20251103093000030', 'merchant_ORDER_30_20251103093000', 30000, 'PAID', '2025-11-03 09:30:00', '2025-11-03 09:30:00'),
    (31, 'imp_20251204103300031', 'merchant_ORDER_31_20251204103300', 32000, 'PAID', '2025-12-04 10:33:00', '2025-12-04 10:33:00'),
    (32, 'imp_20251105113600032', 'merchant_ORDER_32_20251105113600', 27000, 'PAID', '2025-11-05 11:36:00', '2025-11-05 11:36:00'),
    (33, 'imp_20251206123900033', 'merchant_ORDER_33_20251206123900', 29000, 'PAID', '2025-12-06 12:39:00', '2025-12-06 12:39:00'),
    (34, 'imp_20251107134200034', 'merchant_ORDER_34_20251107134200', 31000, 'PAID', '2025-11-07 13:42:00', '2025-11-07 13:42:00'),
    (35, 'imp_20251208144500035', 'merchant_ORDER_35_20251208144500', 33000, 'PAID', '2025-12-08 14:45:00', '2025-12-08 14:45:00'),
    (36, 'imp_20251109154800036', 'merchant_ORDER_36_20251109154800', 26000, 'PAID', '2025-11-09 15:48:00', '2025-11-09 15:48:00'),
    (37, 'imp_20251210165100037', 'merchant_ORDER_37_20251210165100', 28000, 'PAID', '2025-12-10 16:51:00', '2025-12-10 16:51:00'),
    (38, 'imp_20251111075400038', 'merchant_ORDER_38_20251111075400', 30000, 'PAID', '2025-11-11 07:54:00', '2025-11-11 07:54:00'),
    (39, 'imp_20251212085700039', 'merchant_ORDER_39_20251212085700', 32000, 'PAID', '2025-12-12 08:57:00', '2025-12-12 08:57:00'),
    (40, 'imp_20251113100000040', 'merchant_ORDER_40_20251113100000', 27000, 'PAID', '2025-11-13 10:00:00', '2025-11-13 10:00:00'),
    (41, 'imp_20251214110300041', 'merchant_ORDER_41_20251214110300', 29000, 'PAID', '2025-12-14 11:03:00', '2025-12-14 11:03:00'),
    (42, 'imp_20251115120600042', 'merchant_ORDER_42_20251115120600', 31000, 'PAID', '2025-11-15 12:06:00', '2025-11-15 12:06:00'),
    (43, 'imp_20251216130900043', 'merchant_ORDER_43_20251216130900', 33000, 'PAID', '2025-12-16 13:09:00', '2025-12-16 13:09:00'),
    (44, 'imp_20251117141200044', 'merchant_ORDER_44_20251117141200', 26000, 'PAID', '2025-11-17 14:12:00', '2025-11-17 14:12:00'),
    (45, 'imp_20251218151500045', 'merchant_ORDER_45_20251218151500', 28000, 'PAID', '2025-12-18 15:15:00', '2025-12-18 15:15:00'),
    (46, 'imp_20251119161800046', 'merchant_ORDER_46_20251119161800', 30000, 'PAID', '2025-11-19 16:18:00', '2025-11-19 16:18:00'),
    (47, 'imp_20251220172100047', 'merchant_ORDER_47_20251220172100', 32000, 'PAID', '2025-12-20 17:21:00', '2025-12-20 17:21:00'),
    (48, 'imp_20251121082400048', 'merchant_ORDER_48_20251121082400', 27000, 'PAID', '2025-11-21 08:24:00', '2025-11-21 08:24:00'),
    (49, 'imp_20251222092700049', 'merchant_ORDER_49_20251222092700', 29000, 'PAID', '2025-12-22 09:27:00', '2025-12-22 09:27:00'),
    (50, 'imp_20251123103000050', 'merchant_ORDER_50_20251123103000', 31000, 'PAID', '2025-11-23 10:30:00', '2025-11-23 10:30:00'),
    (51, 'imp_20251224113300051', 'merchant_ORDER_51_20251224113300', 33000, 'PAID', '2025-12-24 11:33:00', '2025-12-24 11:33:00'),
    (52, 'imp_20251125123600052', 'merchant_ORDER_52_20251125123600', 26000, 'PAID', '2025-11-25 12:36:00', '2025-11-25 12:36:00'),
    (53, 'imp_20251226133900053', 'merchant_ORDER_53_20251226133900', 28000, 'PAID', '2025-12-26 13:39:00', '2025-12-26 13:39:00'),
    (54, 'imp_20251127144200054', 'merchant_ORDER_54_20251127144200', 30000, 'PAID', '2025-11-27 14:42:00', '2025-11-27 14:42:00'),
    (55, 'imp_20251228154500055', 'merchant_ORDER_55_20251228154500', 32000, 'PAID', '2025-12-28 15:45:00', '2025-12-28 15:45:00'),
    (56, 'imp_20251101164800056', 'merchant_ORDER_56_20251101164800', 27000, 'PAID', '2025-11-01 16:48:00', '2025-11-01 16:48:00'),
    (57, 'imp_20251202175100057', 'merchant_ORDER_57_20251202175100', 29000, 'PAID', '2025-12-02 17:51:00', '2025-12-02 17:51:00'),
    (58, 'imp_20251103085400058', 'merchant_ORDER_58_20251103085400', 31000, 'PAID', '2025-11-03 08:54:00', '2025-11-03 08:54:00'),
    (59, 'imp_20251204095700059', 'merchant_ORDER_59_20251204095700', 33000, 'PAID', '2025-12-04 09:57:00', '2025-12-04 09:57:00'),
    (60, 'imp_20251105110000060', 'merchant_ORDER_60_20251105110000', 26000, 'PAID', '2025-11-05 11:00:00', '2025-11-05 11:00:00'),
    (61, 'imp_20251206120300061', 'merchant_ORDER_61_20251206120300', 28000, 'PAID', '2025-12-06 12:03:00', '2025-12-06 12:03:00'),
    (62, 'imp_20251107130600062', 'merchant_ORDER_62_20251107130600', 30000, 'PAID', '2025-11-07 13:06:00', '2025-11-07 13:06:00'),
    (63, 'imp_20251208140900063', 'merchant_ORDER_63_20251208140900', 32000, 'PAID', '2025-12-08 14:09:00', '2025-12-08 14:09:00'),
    (64, 'imp_20251109151200064', 'merchant_ORDER_64_20251109151200', 27000, 'PAID', '2025-11-09 15:12:00', '2025-11-09 15:12:00'),
    (65, 'imp_20251210161500065', 'merchant_ORDER_65_20251210161500', 29000, 'PAID', '2025-12-10 16:15:00', '2025-12-10 16:15:00'),
    (66, 'imp_20251111071800066', 'merchant_ORDER_66_20251111071800', 31000, 'PAID', '2025-11-11 07:18:00', '2025-11-11 07:18:00'),
    (67, 'imp_20251212082100067', 'merchant_ORDER_67_20251212082100', 33000, 'PAID', '2025-12-12 08:21:00', '2025-12-12 08:21:00'),
    (68, 'imp_20251113092400068', 'merchant_ORDER_68_20251113092400', 26000, 'PAID', '2025-11-13 09:24:00', '2025-11-13 09:24:00'),
    (69, 'imp_20251214102700069', 'merchant_ORDER_69_20251214102700', 28000, 'PAID', '2025-12-14 10:27:00', '2025-12-14 10:27:00'),
    (70, 'imp_20251115113000070', 'merchant_ORDER_70_20251115113000', 30000, 'PAID', '2025-11-15 11:30:00', '2025-11-15 11:30:00'),
    (71, 'imp_20251216123300071', 'merchant_ORDER_71_20251216123300', 32000, 'PAID', '2025-12-16 12:33:00', '2025-12-16 12:33:00'),
    (72, 'imp_20251117133600072', 'merchant_ORDER_72_20251117133600', 27000, 'PAID', '2025-11-17 13:36:00', '2025-11-17 13:36:00'),
    (73, 'imp_20251218143900073', 'merchant_ORDER_73_20251218143900', 29000, 'PAID', '2025-12-18 14:39:00', '2025-12-18 14:39:00'),
    (74, 'imp_20251119154200074', 'merchant_ORDER_74_20251119154200', 31000, 'PAID', '2025-11-19 15:42:00', '2025-11-19 15:42:00'),
    (75, 'imp_20251220164500075', 'merchant_ORDER_75_20251220164500', 33000, 'PAID', '2025-12-20 16:45:00', '2025-12-20 16:45:00'),
    (76, 'imp_20251121154800076', 'merchant_ORDER_76_20251121154800', 25000, 'PAID', '2025-11-21 15:48:00', '2025-11-21 15:48:00');

INSERT INTO order_tb (customer_id, status, total_price, order_date, memo, editor_id, is_pending, created_at, updated_at)
VALUES
    (1, 'CANCELLED', 8000, '2025-12-25', '환불 요청 주문', 3, true, '2025-12-25 10:00:00', '2025-12-25 15:00:00'),
    (3, 'CANCELLED', 16000, '2025-12-20', '환불 요청 주문', 4, true, '2025-12-20 14:30:00', '2025-12-20 18:00:00'),
    (5, 'CANCELLED', 10000, '2025-12-22', '환불 요청 주문', 5, true, '2025-12-22 16:00:00', '2025-12-22 20:00:00'),
    (4, 'CANCELLED', 9500, '2025-12-18', '환불 요청 주문', 6, true, '2025-12-18 11:20:00', '2025-12-18 16:00:00'),
    (6, 'CANCELLED', 14000, '2025-12-15', '환불 요청 주문', 2, true, '2025-12-15 09:15:00', '2025-12-15 14:00:00'),
    (1, 'RECEIVED', 5000, '2026-01-18', '미결제 주문', 3, true, '2026-01-18 09:00:00', '2026-01-18 09:00:00'),
    (3, 'RECEIVED', 6000, '2026-01-18', '미결제 주문', 4, true, '2026-01-18 14:30:00', '2026-01-18 14:30:00'),
    (5, 'RECEIVED', 8000, '2026-01-18', '미결제 주문', 5, true, '2026-01-18 16:00:00', '2026-01-18 16:00:00'),
    (2, 'RECEIVED', 3000, '2026-01-19', '결제 완료 주문', 4, false, '2026-01-19 10:00:00', '2026-01-19 10:00:00');

INSERT INTO order_item_tb (order_id, laundry_item_id, quantity, created_at, updated_at)
VALUES
    (77, 1, 2, '2025-12-25 10:00:00', '2025-12-25 10:00:00'),
    (78, 3, 2, '2025-12-20 14:30:00', '2025-12-20 14:30:00'),
    (79, 4, 1, '2025-12-22 16:00:00', '2025-12-22 16:00:00'),
    (80, 2, 3, '2025-12-18 11:20:00', '2025-12-18 11:20:00'),
    (81, 5, 1, '2025-12-15 09:15:00', '2025-12-15 09:15:00'),
    (82, 1, 1, '2026-01-18 09:00:00', '2026-01-18 09:00:00'),
    (83, 3, 1, '2026-01-18 14:30:00', '2026-01-18 14:30:00'),
    (84, 4, 1, '2026-01-18 16:00:00', '2026-01-18 16:00:00'),
    (85, 1, 1, '2026-01-19 10:00:00', '2026-01-19 10:00:00');

INSERT INTO order_item_option_tb (order_item_id, laundry_option_id, created_at, updated_at)
VALUES
    (99, 5, '2025-12-20 14:30:00', '2025-12-20 14:30:00'),
    (100, 1, '2025-12-22 16:00:00', '2025-12-22 16:00:00'),
    (100, 2, '2025-12-22 16:00:00', '2025-12-22 16:00:00'),
    (100, 3, '2025-12-22 16:00:00', '2025-12-22 16:00:00'),
    (100, 4, '2025-12-22 16:00:00', '2025-12-22 16:00:00'),
    (101, 2, '2025-12-18 11:20:00', '2025-12-18 11:20:00'),
    (102, 3, '2025-12-15 09:15:00', '2025-12-15 09:15:00'),
    (103, 5, '2026-01-18 14:30:00', '2026-01-18 14:30:00'),
    (104, 3, '2026-01-18 16:00:00', '2026-01-18 16:00:00'),
    (105, 2, '2026-01-19 10:00:00', '2026-01-19 10:00:00');

INSERT INTO order_status_history_tb (order_id, status, editor_id, created_at)
VALUES
    (77, 'RECEIVED', 3, '2025-12-25 01:00:00'),
    (77, 'CANCELLED', 3, '2025-12-25 15:00:00'),
    (78, 'RECEIVED', 4, '2025-12-20 05:30:00'),
    (78, 'CANCELLED', 4, '2025-12-20 18:00:00'),
    (79, 'RECEIVED', 5, '2025-12-22 07:00:00'),
    (79, 'CANCELLED', 5, '2025-12-22 20:00:00'),
    (80, 'RECEIVED', 6, '2025-12-18 02:20:00'),
    (80, 'CANCELLED', 6, '2025-12-18 16:00:00'),
    (81, 'RECEIVED', 2, '2025-12-15 00:15:00'),
    (81, 'CANCELLED', 2, '2025-12-15 14:00:00'),
    (82, 'RECEIVED', 3, '2026-01-18 00:00:00'),
    (83, 'RECEIVED', 4, '2026-01-18 05:30:00'),
    (84, 'RECEIVED', 5, '2026-01-18 07:00:00'),
    (85, 'RECEIVED', 4, '2026-01-19 01:00:00');

INSERT INTO payment_tb (order_id, imp_uid, merchant_uid, amount, payment_status, created_at, updated_at)
VALUES
    (77, 'imp_20251225100000077', 'merchant_ORDER_77_20251225100000', 8000, 'REFUND', '2025-12-25 10:00:00', '2025-12-25 15:00:00'),
    (78, 'imp_20251220143000078', 'merchant_ORDER_78_20251220143000', 16000, 'REFUND', '2025-12-20 14:30:00', '2025-12-20 18:00:00'),
    (79, 'imp_20251222160000079', 'merchant_ORDER_79_20251222160000', 10000, 'REFUND', '2025-12-22 16:00:00', '2025-12-22 20:00:00'),
    (80, 'imp_20251218112000080', 'merchant_ORDER_80_20251218112000', 9500, 'REFUND', '2025-12-18 11:20:00', '2025-12-18 16:00:00'),
    (81, 'imp_20251215091500081', 'merchant_ORDER_81_20251215091500', 14000, 'REFUND', '2025-12-15 09:15:00', '2025-12-15 14:00:00'),
    (85, 'imp_20260119100000085', 'merchant_ORDER_85_20260119100000', 3000, 'PAID', '2026-01-19 10:00:00', '2026-01-19 10:00:00');